"","skid","neuron_name","soma","mitochondrion","centriole","basal body","9+0","9+2","rootlets","golgi","lysosome?","multivesicular body","SER","RER","plume","large clear vesicles","small clear vesicles","vesicles","large electrondense vesicles","small dark dots","cilium tip intracellular","cilium tip inside different cell"
"1","3885393","balancer_Q1 2437823","1","0","0","1","0","0","0","0","0","0","0","0","0","0","0","0","0","0","0","0"
"2","3885394","balancer_Q1 2437828","1","0","0","0","0","0","0","1","0","0","0","0","0","0","0","0","0","0","0","0"
"3","3885395","balancer_Q1 2437833","1","0","0","1","0","0","0","0","0","0","0","0","0","0","0","0","0","0","0","0"
"4","3885396","plumose cell_Q2Q3 2474156","1","0","0","2","0","0","0","0","0","0","1","0","2","0","0","0","0","0","0","0"
"5","3885397","balancer_Q4 2437115","1","0","0","1","0","0","0","0","0","1","0","0","0","0","0","0","0","0","0","0"
"6","3885398","multiciliated (4 cilia) cell Q2 2475239","1","0","11","4","0","0","0","0","0","0","0","0","0","0","0","0","0","0","0","0"
"7","3885399","plumose cell_Q2Q3 2474182","1","0","0","1","0","0","0","1","0","0","1","0","0","0","0","0","0","0","0","0"
"8","3885400","lithocyte_2","1","0","0","0","0","0","0","0","0","0","0","0","0","0","0","0","0","0","0","0"
"9","3885401","biC_middle 2457474","1","0","0","2","0","2","0","0","0","1","0","0","0","0","1","0","0","0","0","0"
"10","3885402","plumose cell_Q2Q3 2474197","1","10","0","2","0","0","0","0","0","0","0","0","2","0","0","0","0","0","0","0"
"11","3885403","plumose cell_Q1 2436591","1","8","0","2","0","0","0","1","0","0","1","1","1","0","0","0","0","0","0","0"
"12","3885404","monoC_Q2Q3 2475623","1","0","0","1","0","1","0","0","0","0","1","0","0","0","0","0","0","0","0","0"
"13","3885406","monoC_middle_Q3-4_Q1-4_2457033","1","0","0","1","0","1","0","1","0","0","1","0","0","0","0","0","0","0","0","0"
"14","3885407","plumose cell_Q3 2474214","1","0","0","3","0","0","0","0","0","0","1","1","2","0","0","0","0","0","0","0"
"15","3885408","balancer_Q4 2437119","1","0","0","1","0","0","0","0","0","0","0","0","0","0","0","0","0","0","0","0"
"16","3885409","plumose cell_QQ3 2474233","1","0","0","1","0","0","0","1","0","1","1","0","1","0","0","0","0","0","0","0"
"17","3885410","plumose cell_Q2Q3 2474245","1","0","0","1","0","0","0","0","0","1","2","0","2","0","0","0","0","0","0","0"
"18","3885411","monoC_middle_Q1-4_2457046","1","0","0","1","0","1","0","0","0","0","0","0","0","0","0","0","0","0","0","0"
"19","3885413","monoC_Q2Q3 2475252","1","0","0","1","0","1","0","1","0","0","0","0","0","0","0","0","0","0","0","0"
"20","3885414","plumose cell_Q3 2474260","1","0","0","1","0","0","0","0","0","0","1","0","1","1","0","0","0","0","0","0"
"21","3885416","biC_Q1 2436617","1","0","0","2","1","1","0","0","0","0","0","0","0","0","0","0","0","0","0","0"
"22","3885417","monoC_middle 2457057","1","0","0","1","0","1","0","0","0","0","1","0","0","0","0","0","0","0","0","0"
"23","3885418","monoC_middle_Q2_2457485","1","0","0","1","0","1","0","0","0","0","0","0","0","0","0","0","0","0","0","0"
"24","3885419","monoC_middle_Q4_2457678","1","0","0","1","0","1","0","0","0","0","0","0","0","0","0","0","0","0","0","0"
"25","3885420","non-C_Q1-2_2457820","1","0","0","0","0","0","0","0","0","0","2","0","0","0","0","0","0","0","0","0"
"26","3885421","non-C_vesicle_Q1-4_2457914","1","0","1","0","0","0","0","2","0","0","1","0","0","1","1","0","0","0","0","0"
"27","3885422","non-C_vesicle_Q2_2457981","1","0","0","0","0","0","0","1","0","1","1","0","0","0","0","0","0","2","0","0"
"28","3885423","non-C_vesicle_Q1-2_Q1-4_2458047","1","0","0","0","0","0","0","1","0","0","0","0","0","0","0","0","0","0","0","0"
"29","3885424","biC_middle 2458100","1","0","0","2","0","2","0","0","0","0","0","0","0","0","1","0","0","0","0","0"
"30","3885425","dense? vesicle cell 2458156","1","0","2","0","0","0","0","0","0","0","0","0","0","0","0","0","0","0","0","0"
"31","3885426","monoC_middle_Q1-2_(non-cilia) 2457069","1","0","1","0","0","0","0","0","0","0","1","0","0","0","0","0","0","0","0","0"
"32","3885427","monoC_middle_Q2_2457495","1","0","0","1","0","1","0","0","0","0","1","0","0","0","0","0","0","0","0","0"
"33","3885428","non-C_Q3-4_2457686","1","0","0","0","0","0","0","0","0","0","0","0","0","0","0","0","0","0","0","0"
"34","3885429","non-C_Q1-2_2457830","1","0","0","0","0","0","0","0","0","0","1","0","0","0","0","0","0","0","0","0"
"35","3885430","non-C_vesicle_Q2_2457923","1","0","0","0","0","0","0","0","0","0","1","0","0","0","0","0","0","0","0","0"
"36","3885431","monoC_middle 2457079","1","0","0","1","0","1","0","0","0","0","0","0","0","0","0","0","0","0","0","0"
"37","3885432","monoC_middle 2436629","1","0","0","1","0","1","0","0","0","0","1","0","0","0","1","0","0","0","0","0"
"38","3885433","balancer_Q4 2437123","1","0","0","1","0","0","0","0","0","0","0","0","0","0","0","0","0","0","0","0"
"39","3885434","EF_Q2 2475262","1","9","0","0","0","0","0","0","0","0","0","0","0","0","0","0","0","0","0","0"
"40","3885435","balancer_Q4 2437127","1","0","0","1","0","0","0","0","0","0","0","0","0","0","0","0","0","0","0","0"
"41","3885436","monoC_Q2Q3 2475270","1","6","0","1","0","1","0","1","0","0","1","0","0","0","0","0","0","0","0","0"
"42","3885437","EF_Q3Q4 2487605","1","0","0","0","0","0","0","0","0","0","0","0","0","0","0","0","0","0","0","0"
"43","3885438","monoC_middle 2457090","1","0","1","1","0","1","0","0","0","1","2","0","0","0","0","0","0","0","0","0"
"44","3885439","biC_Q4_(CG?)_2487614","1","0","0","2","0","2","0","0","0","0","0","0","0","0","0","0","0","0","0","0"
"45","3885440","biC_Q4_(CG?)_2487621","1","0","0","2","0","2","0","0","1","1","0","0","0","0","0","0","0","0","0","0"
"46","3885441","monoC_Q2Q3 2475633","1","0","0","1","0","1","0","0","0","0","0","0","0","0","0","0","0","0","0","0"
"47","3885442","EF_Q3Q4 2475827","1","0","0","0","0","0","0","0","0","1","0","0","0","0","0","0","0","0","0","0"
"48","3885443","balancer_Q3 2437404","1","0","0","1","0","0","0","0","0","0","0","0","0","0","0","0","0","0","0","0"
"49","3885444","EF_Q4 2487629","1","2","0","0","0","0","0","1","0","0","0","0","0","0","0","0","0","0","0","0"
"50","3885445","plumose cell_Q2Q3 2474360","1","0","0","1","0","0","0","0","0","0","2","0","2","0","0","0","0","0","0","0"
"51","3885446","EF_Q4 2487636","1","0","0","0","0","0","0","0","0","0","0","0","0","0","0","0","0","0","0","0"
"52","3885447","non-C_Q3-4_2457694","1","0","0","0","0","0","0","0","0","0","0","0","0","0","0","0","0","0","0","0"
"53","3885448","plumose cell_Q2 2474378","1","0","1","1","0","0","0","0","0","0","1","0","1","0","0","0","0","0","0","0"
"54","3885449","monoC_Q4 2487644","1","4","0","1","0","1","0","0","0","0","0","0","0","0","0","0","0","0","0","0"
"55","3885450","multiciliated (4 cilia) cell Q2 2475280","1","0","6","4","0","1","0","0","0","0","0","0","0","0","0","0","0","0","0","0"
"56","3885451","monoC_middle 2457108","1","0","0","1","0","1","0","1","0","0","1","0","0","0","0","0","0","0","0","0"
"57","3885452","EF_Q4 2487652","1","0","0","0","0","0","0","0","0","0","1","0","0","0","0","0","0","0","0","0"
"58","3885453","balancer_Q4 2437131","1","0","0","1","0","0","0","0","0","0","0","0","0","0","0","0","0","0","0","0"
"59","3885454","EF_Q4 2487662","1","0","0","0","0","0","0","0","0","1","1","0","0","0","0","0","0","0","0","0"
"60","3885455","LB_Q3 2436663","1","0","0","20","0","0","0","0","0","0","0","0","0","0","0","0","0","0","19","0"
"61","3885456","monoC_Q1Q4 2487670","1","0","0","1","0","1","0","0","0","0","0","0","0","0","0","0","0","0","0","0"
"62","3885457","outside 2538386","1","0","0","0","0","0","0","0","0","0","0","0","0","0","0","0","0","0","0","0"
"63","3885458","balancer_Q3 2437409","1","0","0","1","0","0","0","0","0","0","0","0","0","0","0","0","0","0","0","0"
"64","3885459","monoC_middle_Q1_2457120","1","0","2","0","0","0","0","1","0","0","1","0","0","0","0","0","0","0","0","0"
"65","3885460","non-C_Q1_2457130","1","0","2","0","0","0","0","0","0","0","0","0","0","0","0","0","0","0","0","0"
"66","3885461","ssCG_Q4 2474446","1","0","0","21","0","0","0","0","0","0","0","0","0","0","0","0","0","0","0","0"
"67","3885462","balancer_Q4 2437135","1","0","0","1","0","0","0","1","0","0","0","0","0","0","0","0","0","0","0","0"
"68","3885463","balancer_Q3 2437414","1","0","0","1","0","0","0","0","0","0","0","0","0","0","0","0","0","0","0","0"
"69","3885464","LB_Q1 2436676","1","28","0","23","0","0","0","1","0","0","0","0","0","0","0","0","0","0","22","0"
"70","3885465","ssCG_Q4 2474462","1","0","0","0","0","0","0","0","0","0","0","0","0","0","0","0","0","0","0","0"
"71","3885467","balancer_Q4 2437139","1","0","0","1","0","0","0","0","0","0","0","0","0","0","0","0","0","0","0","0"
"72","3885468","monoC_middle_Q1-2_2457137","1","0","0","1","0","1","0","1","0","0","0","0","0","0","0","0","0","0","0","0"
"73","3885469","ssCG_Q3 2474473","1","0","0","0","0","0","0","0","0","0","0","0","0","0","0","0","0","0","0","0"
"74","3885470","multiciliated long projection cell Q3 2475291","1","0","4","6","0","0","0","1","0","0","3","2","0","0","0","0","0","0","0","0"
"75","3885471","lgc_Q4 2436685","1","6","0","0","0","0","0","2","0","0","0","0","0","0","0","0","3","0","0","0"
"76","3885472","ssCG_Q3 2474483","1","6","0","0","0","0","0","1","0","0","0","0","0","0","0","0","0","0","0","0"
"77","3885473","monoC_Q2Q3 2475642","1","0","0","1","0","1","0","0","0","0","0","0","0","0","0","0","0","0","0","0"
"78","3885474","lithocyte_3","1","0","0","0","0","0","0","0","0","0","0","0","0","0","0","0","0","0","0","0"
"79","3885475","biC_middle 2436699","1","7","0","2","0","2","0","0","0","0","0","0","0","0","0","0","0","0","0","0"
"80","3885476","EF_Q4 2520979","1","0","0","0","0","0","0","0","0","0","0","0","0","0","0","0","0","0","0","0"
"81","3885477","ssCG_Q2 2474506","1","0","0","22","0","0","0","0","0","0","0","0","0","0","0","0","0","0","0","0"
"82","3885478","outside 2520990","1","0","0","1","0","0","0","0","0","0","0","0","0","0","0","0","0","0","0","0"
"83","3885479","multiciliated (3 cilia) cell Q3 2475317","1","0","3","3","0","0","0","0","0","0","0","0","0","0","0","0","0","1","0","0"
"84","3885480","outside 2521005","1","0","2","0","0","0","0","0","0","0","0","0","0","0","0","0","0","0","0","0"
"85","3885481","ssCG_Q2 2474530","1","9","0","0","0","0","0","0","0","0","0","0","0","0","0","0","0","0","0","0"
"86","3885482","ssCG_Q1 2474542","1","0","0","0","0","0","0","1","0","0","0","0","0","0","0","0","0","0","0","0"
"87","3885483","outside 2521025","1","0","2","0","0","0","0","0","0","0","0","0","0","0","0","0","0","0","0","0"
"88","3885484","balancer_Q4 2437143","1","0","0","1","0","0","0","0","0","0","0","0","0","0","0","0","0","0","0","0"
"89","3885485","balancer_Q4 2457710","1","0","0","1","0","0","0","0","1","0","0","0","0","0","0","0","0","0","0","0"
"90","3885486","non-C_Q1-2_2457840","1","0","0","0","0","0","0","0","0","0","0","0","0","0","0","0","0","0","0","0"
"91","3885487","balancer_Q1 2437659","1","0","0","1","0","0","0","0","0","0","0","0","0","0","0","0","0","0","0","0"
"92","3885488","non-C_Q1_2457149","1","0","0","0","0","0","0","1","0","0","1","0","0","0","0","0","0","0","0","0"
"93","3885489","outside 2521041","1","0","0","0","0","0","0","0","0","0","0","0","0","0","0","0","0","0","0","0"
"94","3885490","non-C_Q1-4_2436738","1","0","0","0","0","0","0","0","0","0","0","0","0","0","0","0","0","0","0","0"
"95","3885491","balancer_Q4 2437151","1","0","0","1","0","0","0","0","0","0","0","0","0","0","0","0","0","0","0","0"
"96","3885492","outside 2521051","1","0","0","1","0","0","0","0","0","0","0","0","0","0","0","0","0","0","0","0"
"97","3885493","ssCG_Q1 2474553","1","0","0","0","0","0","1","0","0","1","0","0","0","0","0","0","0","0","0","0"
"98","3885494","outside 2521058","1","0","0","0","0","0","0","0","0","0","0","0","0","0","0","0","0","0","0","0"
"99","3885495","monoC_middle_Q3-4_Q1-4_2457164","1","0","0","1","0","1","0","0","0","1","4","0","0","0","1","0","0","0","0","0"
"100","3885496","outside 2521076","1","0","1","0","0","0","0","0","0","0","0","0","0","0","0","0","0","0","0","0"
"101","3885497","monoC_Q2Q3 2475331","1","0","0","1","0","1","0","0","0","0","0","0","0","0","0","0","0","0","0","0"
"102","3885498","monoC_middle_Q2_2436744","1","0","0","1","0","1","0","0","0","1","0","0","0","0","0","0","0","0","0","0"
"103","3885499","balancer_Q4 2437155","1","0","0","1","0","0","0","0","0","0","0","0","0","0","0","0","0","0","0","0"
"104","3885500","balancer_Q3 2437419","1","0","0","1","0","0","0","0","0","0","0","0","0","0","0","0","0","0","0","0"
"105","3885502","balancer_Q4 2437159","1","0","0","1","0","0","0","0","0","0","0","0","0","0","0","0","0","0","0","0"
"106","3885503","balancer_Q3 2437424","1","0","0","1","0","0","0","0","0","0","0","0","0","0","0","0","0","0","0","0"
"107","3885504","balancer_Q1 2437739","1","0","0","1","0","0","0","0","0","0","0","0","0","0","0","0","0","0","0","0"
"108","3885505","outside 2521088","1","0","0","1","0","0","0","0","0","0","0","0","0","0","0","0","0","0","0","0"
"109","3885506","monoC_middle 2436782","1","0","2","1","0","1","0","0","0","0","1","0","0","0","1","0","0","0","0","0"
"110","3885507","outside 2521109","1","0","0","0","0","0","0","0","0","0","0","0","0","0","0","0","0","0","0","0"
"111","3885508","balancer_Q4 2437163","1","0","0","1","0","0","0","1","0","0","0","0","0","0","0","0","0","0","0","0"
"112","3885509","outside 2521117","1","0","0","0","0","0","0","0","0","0","0","0","0","0","0","0","0","0","0","0"
"113","3885510","monoC_middle_Q1_2457173","1","0","0","1","0","1","0","1","0","0","0","0","0","0","0","0","0","0","0","0"
"114","3885511","balancer_Q3 2437429","1","0","0","1","0","0","0","0","0","0","0","0","0","0","0","0","0","0","0","0"
"115","3885512","monoC_middle_Q2_2457536","1","0","0","1","0","1","0","0","0","0","0","0","0","0","0","0","0","0","0","0"
"116","3885513","balancer_Q2 2436803","1","8","0","1","0","0","0","0","0","0","0","0","0","0","0","0","0","0","0","0"
"117","3885514","balancer_Q4 2437167","1","0","0","1","0","0","0","0","0","0","0","0","0","0","0","0","0","0","0","0"
"118","3885515","balancer_Q2 2436808","1","0","0","1","0","0","0","0","0","0","0","0","0","0","0","0","0","0","0","0"
"119","3885516","balancer_Q1 2437664","1","5","0","1","0","0","0","0","0","0","1","0","0","0","0","0","0","0","0","0"
"120","3885517","balancer_Q1 2437793","1","0","0","1","0","0","0","0","0","0","0","0","0","0","0","0","0","0","0","0"
"121","3885518","balancer_Q2 2436813","1","0","0","1","0","0","0","0","0","0","0","0","0","0","0","0","0","0","0","0"
"122","3885519","multiciliated (3 cilia) cell Q3 2475340","1","0","17","3","0","0","0","0","1","0","1","0","0","0","0","0","0","0","0","0"
"123","3885520","outside 2521137","1","0","0","0","0","0","0","0","0","0","0","0","0","0","0","0","0","0","0","0"
"124","3885522","balancer_Q4 (bicilia) 2437171","1","0","0","2","0","0","0","0","0","0","0","0","0","0","0","0","0","0","0","0"
"125","3885523","balancer_Q1 2437669","1","0","0","1","0","0","0","1","0","1","0","0","0","0","0","0","0","0","0","0"
"126","3885524","balancer_Q2 2436818","1","0","0","1","0","0","0","0","0","0","0","0","0","0","0","0","0","0","0","0"
"127","3885525","balancer_Q4 2437175","1","0","0","1","0","0","0","1","0","0","0","0","0","0","0","0","0","0","0","0"
"128","3885526","balancer_Q3 2437439","1","0","0","1","0","0","0","1","0","0","0","0","0","0","0","0","0","0","0","0"
"129","3885527","balancer_Q2 2436823","1","0","0","1","0","0","0","0","0","0","0","0","0","0","0","0","0","0","0","0"
"130","3885528","balancer_Q4 2437179","1","0","0","1","0","0","0","0","0","0","0","0","0","0","0","0","0","0","0","0"
"131","3885529","outside 2521151","1","0","0","0","0","0","0","0","0","0","0","0","0","0","0","0","0","0","0","0"
"132","3885530","balancer_Q2 2436828","1","0","0","1","0","0","0","0","0","0","0","0","0","0","0","0","0","0","0","0"
"133","3885531","monoC_middle_Q1-4_2457183","1","0","0","1","0","1","0","0","0","0","0","0","0","0","0","0","0","0","0","0"
"134","3885532","balancer_Q2 2436833","1","0","0","1","0","0","0","1","0","0","0","0","0","0","0","0","0","0","0","0"
"135","3885533","biC_middle 2457193","1","9","0","2","1","1","0","1","0","0","2","0","0","0","0","0","0","0","0","0"
"136","3885534","monoC_middle 2457204","1","0","0","1","0","1","0","0","0","0","1","0","0","0","0","0","0","0","0","0"
"137","3885535","outside 2521165","1","0","0","0","0","0","0","0","0","0","0","0","0","0","0","0","0","0","0","0"
"138","3885536","monoC_middle_Q3-4_Q1-4_2457214","1","0","1","1","0","1","0","0","0","0","0","0","0","0","0","0","0","0","0","0"
"139","3885537","non-C_Q1_2472547","1","0","1","0","0","0","0","1","1","0","0","0","0","0","0","0","0","0","0","0"
"140","3885538","EF_Q2 2475651","1","0","0","0","0","0","0","2","0","0","0","0","0","0","0","0","0","0","0","0"
"141","3885539","outside 2521185","1","0","0","4","0","0","1","0","0","0","0","0","0","0","0","0","0","0","0","0"
"142","3885540","non-C_vesicle_Q1_2472559","1","0","0","0","0","0","0","2","0","0","1","0","0","0","0","0","0","1","0","0"
"143","3885541","biC_middle 2457227","1","0","0","2","0","2","0","0","0","0","0","0","0","0","0","0","0","0","0","0"
"144","3885542","monoC_middle_Q2_2457548","1","0","0","1","0","1","0","0","0","0","0","0","0","0","0","0","0","0","0","0"
"145","3885543","monoC_middle_Q3-4_2457239","1","0","0","0","0","0","0","0","0","0","1","0","0","0","0","0","0","0","0","0"
"146","3885544","non-C_Q3_2457748","1","0","0","0","0","0","0","0","0","0","1","0","0","0","0","0","0","0","0","0"
"147","3885545","multiciliated (3 cilia) cell Q3 2475353","1","0","3","3","0","0","0","0","0","0","0","0","0","0","0","0","0","0","0","0"
"148","3885546","EF_Q3Q4 2475932","1","0","0","0","0","0","0","0","0","0","0","0","0","0","0","1","0","0","0","0"
"149","3885547","monoC_middle_Q1_2472574","1","0","0","1","0","1","0","1","0","0","1","0","0","0","0","0","0","0","0","0"
"150","3885548","outside 2521197","1","0","8","0","0","0","0","0","0","0","0","0","0","0","0","0","0","0","0","0"
"151","3885549","biciliated long projection cell_Q2Q3 2475367","1","8","0","2","0","2","0","0","0","0","0","0","0","1","0","0","0","0","0","0"
"152","3885550","monoC_Q2Q3 2475659","1","0","0","1","0","1","0","0","0","0","0","0","0","0","0","0","0","0","0","0"
"153","3885551","monoC_Q2Q3 2475377","1","0","1","1","0","1","0","0","0","0","0","0","0","0","0","0","0","0","0","0"
"154","3885552","non-C_Q1_2472596","1","0","0","0","0","0","0","0","0","1","1","0","0","0","0","0","0","0","0","0"
"155","3885553","monoC_Q2Q3 2475387","1","0","0","1","0","1","0","1","0","0","0","0","0","0","0","0","0","0","0","0"
"156","3885554","monoC_Q2Q3 2475667","1","0","0","1","0","1","0","0","0","0","0","0","0","0","0","0","0","0","0","0"
"157","3885555","lithocyte_Q4 2475940","1","29","0","0","0","0","0","1","0","0","1","0","0","0","0","0","0","0","0","0"
"158","3885556","monoC_Q2Q3 2475396","1","0","0","1","0","1","0","0","0","0","0","0","0","0","0","0","0","0","0","0"
"159","3885557","multiciliated (3 cilia) cell Q2 2475676","1","0","3","3","0","0","0","0","0","0","0","0","0","0","0","0","0","0","0","0"
"160","3885558","dense vesicle cell 2472608","1","6","15","0","0","0","0","1","0","0","0","0","0","0","0","0","0","0","0","0"
"161","3885559","biC_Q2 2475405","1","0","0","2","0","1","0","0","0","0","0","0","0","0","0","0","0","0","0","0"
"162","3885560","balancer_Q2 2436843","1","0","0","1","0","0","0","0","0","0","0","0","0","0","0","0","0","0","0","0"
"163","3885561","monoC_Q2Q3 2475687","1","0","0","1","0","1","0","0","0","0","0","0","0","0","0","0","0","0","0","0"
"164","3885562","biC_Q2 2475415","1","0","0","2","0","1","0","0","0","0","0","0","0","0","0","0","0","0","0","0"
"165","3885563","monoC_middle_Q1_2472640","1","1","0","1","0","0","0","0","0","0","0","0","0","0","0","0","0","0","0","0"
"166","3885564","biC_Q2 2475424","1","0","0","2","0","2","0","0","0","0","0","0","0","0","0","0","0","0","0","0"
"167","3885565","non-C_Q1_2472658","1","0","2","0","0","0","0","1","0","0","1","0","0","0","1","0","0","0","0","0"
"168","3885566","monoC_middle_Q1_2472672","1","0","1","1","0","1","0","0","0","0","0","0","0","0","0","0","0","0","0","0"
"169","3885567","biC_Q2 2475434","1","0","0","2","1","1","0","0","0","0","0","0","0","0","0","0","0","0","0","0"
"170","3885568","biC_Q2 2475696","1","0","0","2","0","1","0","0","0","0","0","0","0","0","0","0","0","0","0","0"
"171","3885569","non-C_vesicle_Q1-4_2472688","1","0","0","0","0","0","0","0","0","1","0","0","0","4","0","0","0","0","0","0"
"172","3885570","dense vesicle cell 2474773","1","0","2","0","0","0","0","0","0","0","0","0","0","0","0","0","0","0","0","0"
"173","3885571","balancer_Q2 2436848","1","0","0","1","0","0","0","0","0","0","0","0","0","0","0","0","0","0","0","0"
"174","3885572","non-C_Q4_2437187","1","0","0","0","0","0","0","0","0","0","0","0","0","0","0","0","0","0","0","0"
"175","3885573","monoC_middle_Q1_2472713","1","0","0","1","0","1","0","0","0","0","1","0","0","0","0","0","0","0","0","0"
"176","3885574","balancer_Q2 2436853","1","0","0","1","0","0","0","1","0","0","0","0","0","0","0","0","0","0","0","0"
"177","3885575","outside 2521264","1","0","0","0","0","0","0","0","0","0","0","0","0","0","0","0","0","0","0","0"
"178","3885576","dense vesicle cell 2474781","1","0","2","0","0","0","0","0","0","0","0","0","0","0","0","0","0","0","0","0"
"179","3885577","balancer_Q4 2437191","1","0","0","1","0","0","0","0","0","0","0","0","0","0","0","0","0","0","0","0"
"180","3885578","balancer_Q1 2437744","1","0","0","1","0","0","0","0","0","0","0","0","0","0","0","0","0","0","0","0"
"181","3885579","balancer_Q1 2437798","1","0","0","1","0","0","0","1","0","0","0","0","0","0","0","0","0","0","0","0"
"182","3885580","outside 2521272","1","0","11","0","0","0","0","0","0","0","0","0","0","0","0","0","0","0","0","0"
"183","3885581","pre-bridge cell Q1Q2 2472767","1","0","0","0","0","0","0","0","0","1","2","0","0","0","1","0","0","0","0","0"
"184","3885582","balancer_Q2 2436858","1","0","0","1","0","0","0","0","0","0","0","0","0","0","0","0","0","0","0","0"
"185","3885583","balancer_Q4 2437195","1","0","0","0","0","0","0","0","1","0","0","0","0","0","0","0","0","0","0","0"
"186","3885584","non-C_Q1-2_2472778","1","0","2","0","0","0","0","0","0","0","0","0","0","0","0","0","0","0","0","0"
"187","3885585","biC_Q2 2475443","1","0","0","2","0","2","0","0","0","0","0","0","0","0","0","0","0","0","0","0"
"188","3885586","monoC_middle 2472792","1","0","1","1","0","1","0","0","0","0","0","0","0","0","1","0","0","0","0","0"
"189","3885587","balancer_Q2 2436863","1","0","0","1","0","0","0","0","0","0","0","0","0","0","0","0","0","0","0","0"
"190","3885588","balancer_Q2 2436868","1","0","0","1","0","0","0","0","0","0","0","0","0","0","0","0","0","0","0","0"
"191","3885589","balancer_Q4 2437200","1","0","0","1","0","0","0","0","0","0","0","0","0","0","0","0","0","0","0","0"
"192","3885590","monoC_middle_Q2_2436143","1","6","0","1","0","1","0","0","0","0","0","0","0","0","0","0","0","0","0","0"
"193","3885591","balancer_Q2 2436873","1","0","0","1","0","0","0","0","0","0","0","0","0","0","0","0","0","0","0","0"
"194","3885592","dense vesicle cell 2472834","1","0","20","0","0","0","0","0","0","0","0","0","0","0","0","0","0","0","0","0"
"195","3885593","non-C_vesicle_2474790","1","0","0","1","0","0","0","0","0","0","0","0","0","5","0","0","0","0","0","0"
"196","3885595","biC_Q2 2475707","1","0","0","2","0","1","0","0","0","0","0","0","0","0","0","0","0","0","0","0"
"197","3885596","outside 2521308","1","0","2","0","0","0","0","0","0","0","0","0","0","0","0","0","0","0","0","0"
"198","3885597","biC_Q2 2474798","1","0","0","2","0","2","0","0","0","0","0","0","0","0","0","0","0","0","0","1"
"199","3885598","balancer_Q4 2436155","1","6","0","1","0","1","0","1","0","0","0","0","0","0","0","0","0","0","0","0"
"200","3885599","balancer_Q3 2437449","1","0","0","1","0","0","0","0","0","0","0","0","0","0","0","0","0","0","0","0"
"201","3885600","monoC_Q2Q3 2474812","1","0","1","1","0","1","0","1","0","0","0","0","0","0","0","0","0","0","0","0"
"202","3885601","balancer_Q2 2436878","1","0","0","1","0","0","0","0","0","0","0","0","0","0","0","0","0","0","0","0"
"203","3885602","balancer_Q4 2437204","1","0","0","1","0","0","0","0","0","0","0","0","0","0","0","0","0","0","0","0"
"204","3885603","non-C_2472951","1","0","0","0","0","0","0","0","0","0","1","0","0","0","0","0","0","0","0","0"
"205","3885604","biC_Q2 2475453","1","0","0","2","0","2","0","0","0","0","0","0","0","0","0","0","0","0","0","0"
"206","3885605","ANN_Q1-2","2","138","0","0","0","0","0","2","0","1","5","0","0","0","0","2","0","0","0","0"
"207","3885607","monoC_middle 2457255","1","0","0","1","0","1","0","0","1","0","1","0","0","0","0","0","0","0","0","0"
"208","3885608","balancer_Q2 2436883","1","0","0","1","0","0","0","0","0","0","0","0","0","0","0","0","0","0","0","0"
"209","3885609","balancer_Q1 2472984","1","0","0","1","0","0","0","0","0","0","1","0","0","0","0","0","0","0","0","0"
"210","3885610","monoC_middle_Q2_2438556","1","0","0","1","0","1","0","0","0","0","0","0","0","0","0","0","0","0","0","0"
"211","3885611","balancer_Q4 2437208","1","0","0","1","0","0","0","0","0","0","0","0","0","0","0","0","0","0","0","0"
"212","3885612","monoC_middle_Q1-2_2438568","1","5","1","1","0","1","0","0","0","0","0","0","0","0","0","0","0","0","0","0"
"213","3885613","outside 2521333","1","0","16","0","0","0","0","0","0","0","0","0","0","0","0","0","0","0","0","0"
"214","3885614","multiciliated (6 cilia) cell Q2 2474825","1","7","0","6","0","0","0","0","0","0","0","0","0","0","0","0","0","0","0","0"
"215","3885615","monoC_Q2Q3 2474845","1","0","1","1","0","1","0","0","0","0","0","0","0","0","0","0","0","0","0","0"
"216","3885616","monoC_Q2Q3 2475463","1","0","0","1","0","1","0","1","0","0","0","0","0","0","0","0","0","0","0","0"
"217","3885617","multiciliated (4 cilia) cell Q2 2474856","1","0","0","4","0","0","0","0","0","0","0","0","0","0","0","0","0","0","0","0"
"218","3885618","balancer_Q2 2436893","1","0","0","1","0","0","0","0","0","0","0","0","0","0","0","0","0","0","0","0"
"219","3885619","balancer_Q4 2437212","1","0","0","1","0","0","0","0","0","0","0","0","0","0","0","0","0","0","0","0"
"220","3885620","balancer_Q1 2438579","1","0","0","1","0","0","0","0","0","0","0","0","0","0","0","0","0","0","0","0"
"221","3885621","balancer_Q1 2438586","1","0","2","0","0","0","0","0","0","0","0","0","0","0","0","0","0","0","0","0"
"222","3885622","balancer_Q2 2436899","1","0","0","1","0","0","0","1","0","0","0","0","0","0","0","0","0","0","0","0"
"223","3885623","balancer_Q1 2438594","1","0","2","0","0","0","0","0","0","0","0","0","0","0","0","0","0","0","0","0"
"224","3885624","balancer_Q3 2437453","1","0","0","1","0","0","0","0","0","0","0","0","0","0","0","0","0","0","0","0"
"225","3885625","bridge cell Q1Q2 2438601","1","7","2","0","0","0","0","0","0","0","0","0","0","0","0","0","0","0","0","0"
"226","3885626","balancer_Q2 2436904","1","0","0","1","0","0","0","0","0","0","0","0","0","0","0","0","0","0","0","0"
"227","3885627","multiciliated (3 cilia) cell Q2 2474872","1","0","4","3","0","0","0","0","1","0","1","0","0","0","0","0","0","0","0","0"
"228","3885628","IcMC_Q4 2438625","1","0","1","21","0","0","0","0","0","0","1","0","0","0","0","0","0","1","20","0"
"229","3885629","IcMC_Q4 2438632","1","0","0","24","0","0","0","1","0","0","0","0","0","0","0","0","0","0","21","0"
"230","3885630","non-C_vesicle_Q1_2473251","1","9","0","0","0","0","0","1","0","1","1","1","0","0","0","0","0","0","0","0"
"231","3885631","balancer_Q4 2437216","1","0","0","1","0","0","0","0","0","0","0","0","0","0","0","0","0","0","0","0"
"232","3885632","monoC_middle 2457265","1","0","0","1","0","1","0","0","0","0","0","0","0","0","0","0","0","0","0","0"
"233","3885633","balancer_Q2 2436909","1","0","0","1","0","0","0","0","0","0","0","0","0","0","0","0","0","0","0","0"
"234","3885634","balancer_Q1 2437674","1","0","0","1","0","0","0","1","0","0","0","0","0","0","0","0","0","0","0","0"
"235","3885635","balancer_Q2 2436914","1","0","0","1","0","0","0","1","0","0","0","0","0","0","0","0","0","0","0","0"
"236","3885636","balancer_Q3 (bicilia) 2437458","1","0","0","2","0","0","0","0","0","0","0","0","0","0","0","0","0","0","0","0"
"237","3885637","balancer_Q1 2437749","1","0","0","1","0","0","0","0","0","0","0","0","0","0","0","0","0","0","0","0"
"238","3885638","monoC_middle 2473262","1","0","3","1","1","0","0","0","0","0","0","0","0","0","0","0","0","0","0","0"
"239","3885639","monoC_Q1 2524157","1","0","1","1","0","0","0","0","0","0","0","0","0","0","0","0","0","0","0","0"
"240","3885640","balancer_Q2 2436919","1","0","0","1","0","0","0","0","0","0","0","0","0","0","0","0","0","0","0","0"
"241","3885641","balancer_Q1 2437679","1","0","0","1","0","0","0","0","0","0","1","0","0","0","0","0","0","0","0","0"
"242","3885642","balancer_Q1 2437754","1","0","0","1","0","0","0","0","0","1","0","0","0","0","0","0","0","0","0","0"
"243","3885643","multiciliated (3 cilia) cell Q2 2474886","1","0","9","3","0","0","0","0","0","0","0","0","0","0","0","0","0","0","0","0"
"244","3885644","IcMC_Q4 2438645","1","0","0","28","0","0","0","0","1","0","0","0","0","0","0","0","0","0","26","0"
"245","3885645","monoC_middle_Q1_2473280","1","0","0","1","0","1","0","0","0","0","3","0","0","0","0","0","0","0","0","0"
"246","3885646","balancer_Q2 2436924","1","0","0","1","0","0","0","0","0","0","0","0","0","0","0","0","0","0","0","0"
"247","3885647","balancer_Q2 2436929","1","0","0","1","0","0","0","0","0","0","0","0","0","0","0","0","0","0","0","0"
"248","3885648","IcMC_Q1 2438654","1","17","1","18","0","0","0","2","0","0","1","0","0","0","0","0","0","1","16","0"
"249","3885649","non-C_2473298","1","0","0","0","0","0","0","0","0","0","0","0","0","0","0","0","0","0","0","0"
"250","3885650","monoC_Q2Q3 2475717","1","0","0","1","0","1","0","0","0","0","0","0","0","0","0","0","0","0","0","0"
"251","3885651","EF_Q4 2475855","1","1","1","0","0","0","0","1","0","0","0","0","0","0","0","0","0","0","0","0"
"252","3885652","stCG_Q3 2475953","1","0","0","0","0","0","0","1","0","1","0","0","0","0","0","0","0","0","0","0"
"253","3885653","bridge cell Q1Q2 2473307","1","20","0","0","0","0","0","1","0","0","1","0","0","0","0","0","0","0","0","0"
"254","3885654","monoC_Q2Q3 2475475","1","0","0","1","0","1","0","0","0","0","0","0","0","0","0","0","0","0","0","0"
"255","3885655","biC_Q2 2475727","1","0","0","2","0","2","0","0","0","0","0","0","0","0","0","0","0","0","0","0"
"256","3885656","LB_Q2 2474906","1","11","9","4","0","0","0","0","0","0","0","0","0","0","0","0","0","0","1","0"
"257","3885657","LB_Q1 2438674","1","12","0","18","0","1","0","0","0","0","0","2","0","0","0","0","0","0","17","0"
"258","3885658","proto-IcMC or LB Q1 2473323","1","0","17","0","0","0","0","1","0","1","0","0","0","0","0","0","0","0","0","0"
"259","3885659","monoC_middle_Q3-4_2457275","1","0","0","1","0","1","0","0","0","0","0","0","0","0","0","0","0","0","0","0"
"260","3885660","balancer_Q2 2436934","1","0","0","1","0","0","0","0","0","0","0","0","0","0","0","0","0","0","0","0"
"261","3885661","SNN 2559177","1","9","0","0","0","0","0","0","0","0","0","0","0","0","0","1","0","0","0","0"
"262","3885662","non-C_2473351","1","0","0","0","0","0","0","0","0","0","0","0","0","0","0","0","0","0","0","0"
"263","3885663","monoC_middle_Q3-4_2457284","1","0","0","1","0","1","0","0","0","0","1","0","0","1","0","0","0","0","0","0"
"264","3885665","non-C_Q1_2473358","1","0","1","0","0","0","0","0","0","0","0","0","0","0","0","0","0","0","0","0"
"265","3885666","monoC_middle_Q3-4_2457294","1","0","0","1","0","1","0","1","0","1","2","0","0","0","0","0","0","0","0","0"
"266","3885667","monociliated vesicle cell middle 2473364","1","11","0","1","0","1","0","1","0","0","0","0","0","3","0","0","0","0","0","0"
"267","3885669","balancer_Q4 2437286","1","0","0","0","0","0","0","0","0","0","0","0","0","0","0","0","0","0","0","0"
"268","3885670","biC_Q1Q4 2473378","1","0","0","2","1","1","0","0","0","0","0","0","0","0","0","0","0","1","0","0"
"269","3885671","IcMC_Q1 2438713","1","0","1","26","0","0","0","2","0","0","1","0","0","0","0","0","0","1","25","0"
"270","3885672","monoC_Q2Q3 2474921","1","0","0","1","0","1","0","0","0","0","0","0","0","0","0","0","0","0","0","0"
"271","3885673","EF_Q2 2475481","1","0","0","0","0","0","0","0","0","0","0","0","0","0","0","0","0","0","0","0"
"272","3885674","biC_Q2 2474931","1","0","0","2","0","0","0","0","0","0","0","0","0","0","0","0","0","0","0","0"
"273","3885675","LB_Q4 2438739","1","0","2","18","1","1","0","2","0","0","0","0","0","0","0","0","0","0","17","0"
"274","3885676","dome_2473441","1","5","0","0","0","0","0","0","0","0","0","1","0","0","0","0","0","0","0","0"
"275","3885677","biC_Q2 2474944","1","0","0","2","0","2","0","0","0","0","0","0","0","0","0","0","0","0","0","0"
"276","3885678","monoC_middle 2457304","1","0","0","1","0","1","0","2","0","0","1","0","0","0","0","0","0","0","0","0"
"277","3885679","dome_2473472","1","5","0","0","0","0","0","0","0","0","0","0","0","0","0","1","0","0","0","0"
"278","3885680","multiciliated (3 cilia) cell Q2 2474956","1","0","1","3","0","0","0","0","0","0","0","0","0","0","0","0","0","0","0","0"
"279","3885681","balancer_Q2 2436944","1","0","0","1","0","0","0","0","0","0","0","0","0","0","0","0","0","0","0","0"
"280","3885682","monoC_middle_Q2_2457571","1","0","0","1","0","1","0","0","0","0","0","0","0","0","0","0","0","0","0","0"
"281","3885683","monoC_middle 2457315","1","0","0","1","0","1","0","0","0","0","0","0","0","0","0","0","0","0","0","0"
"282","3885684","balancer_Q2 2436949","1","0","0","1","0","0","0","0","0","0","0","0","0","0","0","0","0","0","0","0"
"283","3885685","dome_2473488","1","0","0","0","0","0","0","0","0","0","0","1","0","0","0","0","0","0","0","0"
"284","3885686","balancer_Q3 2437298","1","3","0","1","0","0","0","0","0","0","0","0","0","0","0","0","0","0","0","0"
"285","3885687","balancer_Q2 2436954","1","0","0","1","0","0","0","0","0","0","0","0","0","0","0","0","0","0","0","0"
"286","3885688","biC_Q2 2474968","1","0","0","2","1","1","0","1","0","0","0","0","0","0","0","0","0","0","0","0"
"287","3885689","balancer_Q3 2437304","1","0","0","1","0","0","0","0","0","0","0","0","0","0","0","0","0","0","0","0"
"288","3885690","dome_Q2 2473513","1","0","0","0","0","0","0","0","0","0","0","1","0","0","0","0","0","0","0","0"
"289","3885691","dome_2473525","1","0","0","17","0","0","0","0","1","0","0","2","0","0","0","0","0","0","0","0"
"290","3885692","IcMC_Q3 2438811","1","14","0","15","0","0","0","1","1","0","0","0","0","0","0","0","0","1","13","0"
"291","3885693","EF_Q2 2475487","1","0","1","0","0","0","0","0","0","0","0","0","0","0","0","0","0","0","0","0"
"292","3885694","LB_Q3 2438820","1","0","3","11","0","0","0","1","0","0","0","0","0","0","0","0","0","0","10","0"
"293","3885695","IcMC_Q2 2438828","1","0","1","28","0","0","0","0","0","0","0","0","0","0","0","0","0","0","27","0"
"294","3885696","dome_2473556","1","0","0","0","0","0","0","1","0","0","0","2","0","0","0","0","0","0","0","0"
"295","3885697","IcMC_Q2 2438835","1","0","0","14","0","0","0","0","0","0","0","0","0","1","0","0","0","1","14","0"
"296","3885698","LB_Q3 2438847","1","0","8","2","0","0","0","0","0","0","1","0","0","0","0","0","0","0","0","0"
"297","3885699","dome_2473572","1","0","0","0","0","0","0","0","0","0","0","4","0","0","0","0","0","0","0","0"
"298","3885700","lgc_Q1 2438854","1","4","0","0","0","0","0","1","0","0","0","0","0","0","0","0","2","0","0","0"
"299","3885701","EF_Q2 2473585","1","0","0","0","0","0","0","0","0","0","0","1","0","1","0","0","0","0","0","0"
"300","3885702","biC_Q1 2438862","1","0","0","3","0","1","0","0","0","0","0","0","0","0","0","0","0","0","0","0"
"301","3885703","dome_2473590","1","0","0","0","0","0","0","0","0","2","0","1","0","0","0","0","0","0","0","0"
"302","3885704","biC_Q1 2438875","1","0","0","2","0","2","0","0","0","0","0","0","0","0","0","0","0","0","0","0"
"303","3885705","EF_Q2 2475492","1","0","0","0","0","0","0","0","0","0","0","0","0","0","0","0","0","0","0","0"
"304","3885706","dome_2473600","1","5","0","0","0","0","0","0","0","3","0","3","0","0","0","0","0","0","0","0"
"305","3885707","balancer_Q2 2436965","1","0","0","1","0","0","0","1","0","0","0","0","0","0","0","0","0","0","0","0"
"306","3885708","monoC_Q1Q4 2438888","1","0","0","1","0","0","0","0","0","0","0","0","0","0","0","0","0","0","0","0"
"307","3885709","dome_2473607","1","0","0","0","0","0","0","0","0","2","0","1","0","0","0","0","0","0","0","0"
"308","3885710","biC_Q1 2438901","1","0","0","2","0","0","0","0","0","0","0","0","0","0","0","0","0","0","0","0"
"309","3885711","biC_Q1 2438914","1","0","0","2","0","1","0","0","0","0","0","0","0","0","0","0","0","0","0","0"
"310","3885712","dome_2473618","1","0","0","0","0","0","0","0","0","3","1","2","0","0","0","0","0","0","0","0"
"311","3885713","multiciliated (3 cilia) cell Q1 2438927","1","4","2","3","0","0","0","0","0","0","0","0","0","0","0","0","0","0","0","1"
"312","3885714","dome_2473627","1","0","0","0","0","0","0","0","0","0","0","0","0","0","0","0","0","0","0","0"
"313","3885715","balancer_Q3 2437309","1","0","0","0","0","0","0","1","0","0","0","0","0","0","0","0","0","0","0","0"
"314","3885716","monoC_middle 2457328","1","0","0","1","0","1","0","0","0","0","1","0","0","0","0","0","0","0","0","0"
"315","3885717","balancer_Q2 2436970","1","0","0","1","0","0","0","1","0","0","0","0","0","0","0","0","0","0","0","0"
"316","3885718","dome_2473637","1","0","0","0","0","0","0","1","0","2","0","1","0","0","0","0","0","0","0","0"
"317","3885719","balancer_Q3 2437314","1","0","0","1","0","0","0","0","0","0","0","0","0","0","0","0","0","0","0","0"
"318","3885720","EF_Q2 2475498","1","0","0","0","0","0","0","0","0","1","0","0","0","0","0","0","0","0","0","0"
"319","3885721","EF_Q3Q4 2475860","1","0","0","0","0","0","0","0","0","0","0","0","0","0","0","0","0","0","0","0"
"320","3885722","dome_2473646","1","0","0","0","0","0","0","0","0","0","0","0","0","0","0","0","0","0","0","0"
"321","3885723","dome_2473657","1","0","0","0","0","0","0","0","0","1","0","2","0","0","0","1","0","0","0","0"
"322","3885724","balancer_Q3 2437319","1","0","0","1","0","0","0","0","0","0","0","0","0","0","0","0","0","0","0","0"
"323","3885725","dome_2473667","1","0","0","0","0","0","0","1","0","0","0","2","0","0","0","0","0","0","0","0"
"324","3885726","EF_Q2 2475743","1","0","2","0","0","0","0","0","0","0","0","0","0","0","0","0","0","0","0","0"
"325","3885727","balancer_Q3 2437324","1","0","0","1","0","0","0","0","0","0","0","0","0","0","0","0","0","0","0","0"
"326","3885728","balancer_Q1 2437803","1","0","0","1","0","0","0","1","0","1","0","0","0","0","0","0","0","0","0","0"
"327","3885729","dome_2473677","1","1","0","0","0","0","0","0","0","0","0","1","0","0","0","0","0","0","0","0"
"328","3885730","balancer_Q3 2437329","1","0","0","1","0","0","0","0","0","0","0","0","0","0","0","0","0","0","0","0"
"329","3885731","dome_2473688","1","1","0","0","0","0","0","1","1","0","0","0","0","0","0","0","0","0","0","0"
"330","3885732","multiciliated (3 cilia) cell Q2 2475510","1","0","0","3","0","0","0","0","0","0","0","0","0","0","0","0","0","1","0","0"
"331","3885733","dome_2473698","1","3","0","0","0","0","0","0","1","1","1","2","0","0","0","0","0","0","0","0"
"332","3885734","IcMC_Q2 2437004","1","0","4","16","0","3","0","0","0","0","0","0","0","0","0","0","0","1","15","0"
"333","3885735","non-C_Q1-2_Q1-4_2457338","1","0","0","0","0","0","0","0","0","0","0","0","0","0","0","0","0","0","0","0"
"334","3885736","balancer_Q3 2437334","1","0","0","1","0","0","0","1","0","0","0","0","0","0","0","0","0","0","0","0"
"335","3885737","balancer_Q1 2437689","1","0","0","1","0","0","0","0","0","0","0","0","0","0","0","0","0","0","0","0"
"336","3885738","balancer_Q1 2437759","1","0","0","1","0","0","0","1","0","0","0","0","0","0","0","0","0","0","0","0"
"337","3885739","balancer_Q1 2437808","1","0","0","1","0","0","0","0","0","0","0","0","0","0","0","0","0","0","0","0"
"338","3885740","non-C_2437018","1","0","0","0","0","0","0","0","0","0","0","0","0","0","0","0","0","0","0","0"
"339","3885741","monoC_middle_Q2_2457580","1","0","0","1","0","1","0","0","0","0","0","0","0","0","0","0","0","0","0","0"
"340","3885742","balancer_Q3 2437339","1","0","0","1","0","0","0","0","0","0","0","0","0","0","0","0","0","0","0","0"
"341","3885743","non-C_Q3-4_2457756","1","0","1","0","0","0","0","0","0","0","0","0","0","0","0","0","0","0","0","0"
"342","3885744","balancer_Q1 2437694","1","0","0","1","0","0","0","0","0","0","0","0","0","0","0","0","0","0","0","0"
"343","3885745","balancer_Q1 2437813","1","0","0","1","0","0","0","0","0","0","0","0","0","0","0","0","0","0","0","0"
"344","3885746","dome_2473717","1","0","0","0","0","0","0","1","0","0","0","2","0","0","0","0","0","0","0","0"
"345","3885747","monoC_middle 2437026","1","0","0","1","0","0","0","0","0","0","0","0","0","0","0","0","0","0","0","0"
"346","3885748","monoC_middle 2457353","1","0","0","1","0","1","0","0","0","0","1","0","0","0","0","0","0","0","0","0"
"347","3885749","balancer_Q3 2437344","1","0","0","1","0","0","0","0","0","0","0","0","0","0","0","0","0","0","0","0"
"348","3885750","monoC_middle 2457589","1","0","0","1","0","1","0","0","0","0","0","0","0","0","0","0","0","0","0","0"
"349","3885751","balancer_Q1 2437699","1","0","0","1","0","0","0","0","0","0","1","0","0","0","0","0","0","0","0","0"
"350","3885752","non-C_Q1-2_2457851","1","0","0","0","0","0","0","0","0","0","0","0","0","0","0","0","0","0","0","0"
"351","3885753","non-C_2437040","1","0","0","0","0","0","0","0","0","0","0","0","0","0","0","0","0","0","0","0"
"352","3885754","dome_2473735","1","1","0","0","0","0","0","0","0","0","0","1","0","0","0","0","0","0","0","0"
"353","3885755","multiciliated long projection cell Q1 2438976","1","0","0","8","0","0","0","1","0","0","0","1","0","0","1","0","0","0","0","0"
"354","3885756","dome_2473747","1","1","0","0","0","0","0","2","0","0","0","1","0","0","0","0","0","0","0","0"
"355","3885757","EF_Q2 2475520","1","0","0","0","0","0","0","0","0","0","0","0","0","0","0","0","0","0","0","0"
"356","3885758","neuron 2559592","1","0","0","0","0","0","0","0","0","0","0","0","0","0","0","0","0","0","0","0"
"357","3885759","biC_Q2 2475751","1","0","0","2","0","0","0","0","0","0","0","0","0","0","0","0","0","0","0","0"
"358","3885760","stCG_Q3 2475866","1","3","0","27","0","0","1","0","0","0","0","0","0","0","0","0","0","0","0","0"
"359","3885761","dome_2473791","1","1","0","0","0","0","0","0","0","0","0","1","0","0","0","0","0","0","0","0"
"360","3885762","dome_2473804","1","1","0","0","0","0","0","2","0","0","0","1","0","0","0","0","0","0","0","0"
"361","3885763","monoC_middle_Q1_2457360","1","0","0","1","0","1","0","0","0","0","0","0","0","0","0","0","0","0","0","0"
"362","3885764","dome_2473814","1","1","0","0","0","0","0","0","0","0","0","2","0","0","0","0","0","0","0","0"
"363","3885765","monoC_Q2Q3 2475526","1","0","0","1","0","0","0","0","0","0","0","0","0","0","0","0","0","0","0","0"
"364","3885766","dome_2473825","1","1","0","0","0","0","0","2","0","0","0","2","0","0","0","0","0","0","0","0"
"365","3885767","non-C_2457598","1","0","0","0","0","0","0","0","0","0","0","0","0","0","0","0","0","0","0","0"
"366","3885768","balancer_Q1 2437704","1","0","0","1","0","0","0","1","0","0","0","0","0","0","0","0","0","0","0","0"
"367","3885769","balancer_Q1 2437818","1","0","0","1","0","0","0","0","0","0","0","0","0","0","0","0","0","0","0","0"
"368","3885770","monoC_Q2Q3 2475761","1","0","0","1","0","1","0","0","0","0","0","0","0","0","0","0","0","0","0","0"
"369","3885771","dome_2473836","1","0","0","0","0","0","0","0","0","0","0","1","0","0","0","0","0","0","0","0"
"370","3885772","dome_2473846","1","3","0","0","0","0","0","0","0","0","0","1","0","0","0","0","0","0","0","0"
"371","3885773","biC_Q2 2475532","1","0","0","2","0","2","0","0","0","0","0","0","0","0","0","0","0","0","0","0"
"372","3885774","dome_2473855","1","3","0","0","0","0","0","1","0","0","0","0","0","0","0","0","0","0","0","0"
"373","3885775","dome_2473865","1","3","0","0","0","0","0","0","0","0","0","1","0","0","0","0","0","0","0","0"
"374","3885776","monoC_middle_Q3_2457375","1","0","0","1","0","1","0","0","0","1","1","0","0","0","0","0","0","0","0","0"
"375","3885777","dome_2473875","1","4","0","0","0","0","0","1","0","0","0","0","0","0","0","0","0","0","0","0"
"376","3885778","dome_2473885","1","1","0","0","0","0","0","2","0","0","0","2","0","0","0","0","0","0","0","0"
"377","3885779","dome_2473894","1","0","0","0","0","0","0","1","0","0","0","3","0","0","0","0","0","0","0","0"
"378","3885781","bridge cell Q1Q2 2437048","1","38","0","0","0","0","0","2","0","1","0","0","0","0","0","2","0","0","0","0"
"379","3885782","dome_2473904","1","5","0","0","0","0","0","1","0","0","0","2","0","0","0","0","0","0","0","0"
"380","3885783","EF_Q2 2475540","1","0","2","0","0","0","0","0","0","0","0","0","0","0","0","0","0","0","0","0"
"381","3885784","balancer_Q3 2437354","1","0","0","1","0","0","0","0","0","0","0","0","0","0","0","0","0","0","0","0"
"382","3885785","balancer_Q1 2437709","1","0","0","1","0","0","0","0","0","0","0","0","0","0","0","0","0","0","0","0"
"383","3885786","dome_2473913","1","1","0","8","0","0","0","1","0","0","0","0","0","0","0","0","0","0","0","0"
"384","3885787","neuron 2566634","1","0","0","0","0","0","0","0","0","0","0","0","0","0","0","0","0","0","0","0"
"385","3885788","balancer_Q3 2437359","1","0","0","1","0","0","0","0","0","0","0","0","0","0","0","0","0","0","0","0"
"386","3885789","dome_2473923","1","1","0","4","0","0","0","0","0","0","0","1","0","0","0","0","0","0","0","0"
"387","3885790","non-C_Q1-4_2436506","1","7","0","0","0","0","0","0","0","1","0","0","0","0","0","0","0","0","0","0"
"388","3885791","balancer_Q3 2437364","1","0","0","1","0","0","0","0","0","1","0","0","0","0","0","0","0","0","0","0"
"389","3885792","monoC_Q2Q3 2475771","1","0","0","1","0","0","0","1","0","0","0","0","0","0","0","0","0","0","0","0"
"390","3885793","dome_2473937","1","1","0","0","0","0","0","0","0","0","0","1","0","0","0","0","0","0","0","0"
"391","3885794","bridge cell Q3Q4 2436517","1","22","0","0","0","0","0","1","0","0","0","0","0","0","0","1","0","0","0","0"
"392","3885795","bridge cell Q3Q4 2437073","1","20","0","0","0","0","0","0","0","0","1","0","0","0","0","0","0","0","0","0"
"393","3885796","monoC_middle 2457763","1","0","0","1","0","0","0","0","0","0","0","0","0","0","0","0","0","0","0","0"
"394","3885797","dome_2473946","1","3","0","0","0","0","0","0","0","0","0","3","0","0","0","0","0","0","0","0"
"395","3885798","EF_Q3 2473955","1","4","0","0","0","0","0","0","0","0","0","1","0","0","0","0","0","0","0","0"
"396","3885799","monoC_middle_Q3-4_2457392","1","0","0","1","0","1","0","0","0","0","0","0","0","0","0","0","0","0","0","0"
"397","3885800","dome_2473960","1","1","0","0","0","0","0","0","0","0","0","2","0","0","0","0","0","0","0","0"
"398","3885801","ANN_Q3-4","2","90","0","0","0","0","0","2","0","1","1","0","0","0","1","3","0","0","0","0"
"399","3885802","bridge cell Q3Q4 2437078","1","11","0","0","0","0","0","1","0","0","0","0","0","0","0","1","0","0","0","0"
"400","3885803","balancer_Q3 2437369","1","0","0","1","0","0","0","0","0","1","0","0","0","0","0","0","0","0","0","0"
"401","3885804","bridge cell Q1Q2 2437084","1","11","0","0","0","0","0","0","0","0","1","0","0","0","0","0","0","0","0","0"
"402","3885805","balancer_Q1 2437714","1","0","0","1","0","0","0","0","0","1","0","0","0","0","0","0","0","0","0","0"
"403","3885806","non-C_Q1-2_2456908","1","0","1","0","0","0","0","0","0","0","1","0","0","0","1","0","0","0","0","0"
"404","3885807","biC_Q2 2475548","1","0","0","2","1","1","0","0","0","0","0","0","0","0","0","0","0","0","0","0"
"405","3885808","bridge cell Q3Q4 2437090","1","14","0","0","0","0","0","0","0","0","0","0","0","0","0","2","0","0","0","0"
"406","3885809","balancer_Q3 (bicilia) 2437374","1","0","0","2","0","0","0","0","0","0","0","0","0","0","0","0","0","0","0","0"
"407","3885810","balancer_Q1 2437773","1","0","0","1","0","0","0","0","0","0","1","0","0","0","0","0","0","0","0","0"
"408","3885811","dome_2473970","1","0","0","0","0","0","0","0","0","0","0","0","0","0","0","0","0","0","0","0"
"409","3885812","IcMC_Q2 2436551","1","18","0","21","0","0","0","1","0","0","0","0","0","0","0","0","0","0","20","0"
"410","3885813","monoC_Q2Q3 2475081","1","0","0","1","0","1","0","0","0","0","0","0","0","0","0","0","0","0","0","0"
"411","3885814","non-C_Q3-4_2457402","1","0","0","0","0","0","0","0","0","0","0","0","0","0","0","0","0","0","0","0"
"412","3885815","balancer_Q3 2437379","1","0","0","1","0","0","0","0","0","0","0","0","0","0","0","0","0","0","0","0"
"413","3885816","non-C_vesicle_Q2_2457935","1","0","0","0","0","0","0","0","0","0","0","0","0","0","2","0","0","1","0","0"
"414","3885817","balancer_Q1 2437719","1","0","0","1","0","0","0","0","0","0","0","0","0","0","0","0","0","0","0","0"
"415","3885818","balancer_Q1 2437778","1","0","0","1","0","0","0","0","0","0","0","0","0","0","0","0","0","0","0","0"
"416","3885819","dome_2473976","1","3","0","0","0","0","0","2","3","0","0","3","0","0","0","0","0","0","0","0"
"417","3885820","monoC_middle_Q2_2436562","1","0","0","1","0","0","0","0","0","1","0","0","0","0","0","0","0","0","0","0"
"418","3885821","bridge cell Q3Q4 2437101","1","8","2","0","0","0","0","0","0","0","0","0","0","0","0","0","0","0","0","0"
"419","3885822","balancer_Q3 2437384","1","0","0","1","0","0","0","0","0","0","0","1","0","0","0","0","0","0","0","0"
"420","3885823","balancer_Q1 2437724","1","0","0","1","0","0","0","0","0","0","0","0","0","0","0","0","0","0","0","0"
"421","3885824","balancer_Q1 2437783","1","0","0","1","0","0","0","0","0","0","0","0","0","0","0","0","0","0","0","0"
"422","3885826","non-C_2436566","1","0","0","0","0","0","0","0","0","0","0","0","0","0","0","0","0","0","0","0"
"423","3885827","balancer_Q4 2437107","1","7","0","1","0","0","0","0","0","0","0","0","0","0","0","0","0","0","0","0"
"424","3885828","balancer_Q3 2437389","1","0","0","1","0","0","0","0","0","0","0","0","0","0","0","0","0","0","0","0"
"425","3885829","balancer_Q1 2437729","1","0","0","1","0","0","0","0","0","0","0","0","0","0","0","0","0","0","0","0"
"426","3885830","monoC_middle_Q1-2_2456931","1","0","0","1","0","1","0","1","0","0","2","0","0","1","0","0","0","0","0","0"
"427","3885831","balancer_Q4 2437111","1","0","0","1","0","0","0","0","0","0","0","0","0","0","0","0","0","0","0","0"
"428","3885832","balancer_Q3 2437394","1","0","0","1","0","0","0","0","0","0","0","0","0","0","0","0","0","0","0","0"
"429","3885833","balancer_Q1 2437734","1","0","0","1","0","0","0","0","0","0","0","0","0","0","0","0","0","0","0","0"
"430","3885834","balancer_Q1 2437788","1","0","0","0","0","0","0","1","0","0","1","0","0","0","0","0","0","0","0","0"
"431","3885835","monoC_middle_Q3-4_2457409","1","0","0","1","0","1","0","0","0","0","0","0","0","0","0","0","0","0","0","0"
"432","3885836","non-C_Q1-2_2457611","1","0","0","0","0","0","0","0","0","0","0","0","0","0","0","0","0","0","0","0"
"433","3885837","plumose cell_Q1Q4 2473991","1","0","0","1","0","0","0","1","0","0","2","0","1","0","1","0","0","0","0","0"
"434","3885838","monociliated vesicle cell Q3 2475091","1","0","0","1","0","1","0","1","0","0","0","0","0","0","0","0","0","0","0","0"
"435","3885839","neuron 2559991","1","0","0","0","0","0","0","0","0","0","0","0","0","0","0","0","0","0","0","0"
"436","3885840","non-C_vesicle_Q4_2456941","1","0","0","0","0","0","0","0","0","0","1","0","0","1","1","0","0","0","0","0"
"437","3885841","biC_Q2Q3 2475101","1","0","0","2","1","1","0","1","0","0","0","0","0","0","0","0","0","0","0","1"
"438","3885842","monoC_middle 2457418","1","0","0","1","0","1","0","1","0","0","0","0","0","0","0","0","0","0","0","0"
"439","3885843","non-C_Q1-2_2457620","1","0","1","0","0","0","0","0","0","0","2","0","0","0","0","0","0","0","0","0"
"440","3885844","non-C_vesicle_Q1-4_2457860","1","0","0","0","0","0","0","0","0","0","2","0","0","4","0","0","0","0","0","0"
"441","3885845","non-C_Q1-2_2457989","1","0","0","0","0","0","0","0","0","0","0","0","0","0","0","0","0","0","0","0"
"442","3885846","dense vesicle cell 2458056","1","0","2","0","0","0","0","1","0","0","0","0","0","0","0","0","0","0","0","0"
"443","3885848","non-C_vesicle_2458203","1","0","0","0","0","0","0","1","0","1","0","0","0","0","0","0","0","0","0","0"
"444","3885849","dense vesicle cell 2458308","1","0","6","0","0","0","0","0","0","0","0","0","0","0","0","0","0","0","0","0"
"445","3885850","balancer_Q3 2458368","1","0","0","1","0","0","0","0","0","0","0","0","0","0","0","0","0","0","0","0"
"446","3885851","EF_Q3Q4 2458410","1","0","0","0","0","0","0","0","0","0","0","0","0","0","0","0","0","0","0","0"
"447","3885852","dense vesicle cell 2458462","1","0","4","0","0","0","0","0","0","0","0","0","0","0","0","0","0","0","0","0"
"448","3885853","biC_Q1Q4 2462188","1","6","0","2","1","1","0","0","0","0","0","0","0","0","0","0","0","0","0","0"
"449","3885854","monoC_middle_Q2_2456953","1","0","0","1","0","1","0","1","0","0","0","0","0","0","0","0","0","0","0","0"
"450","3885855","non-C_Q3-4_2457428","1","0","0","0","0","0","0","0","0","0","0","0","0","0","0","0","0","0","0","0"
"451","3885856","plumose cell_Q1Q4 2474010","1","0","0","1","0","0","0","0","0","1","1","0","2","2","0","0","0","0","0","0"
"452","3885858","monoC_middle_Q3_2457780","1","0","1","1","0","0","0","0","0","1","0","0","0","0","0","0","0","0","0","0"
"453","3885859","biciliated vesicle cell Q2Q3 2475114","1","0","0","2","0","2","0","0","0","0","1","0","0","3","0","0","0","0","0","0"
"454","3885860","non-C_Q1-2_2457868","1","0","0","0","0","0","0","0","0","0","0","0","0","0","0","0","0","0","0","0"
"455","3885861","monoC_Q2Q3 2475559","1","0","1","1","0","1","0","0","0","0","0","0","0","0","0","0","0","0","0","0"
"456","3885862","non-C_vesicle_Q2_2458005","1","0","1","0","0","0","0","0","0","0","1","0","0","0","0","0","0","0","0","0"
"457","3885863","monoC_middle_Q2_2458065","1","0","0","1","0","0","0","0","0","0","1","0","0","0","0","0","0","1","0","0"
"458","3885864","non-C_vesicle_Q3-4_2458118","1","0","0","0","0","0","0","0","0","0","3","0","0","1","1","0","0","0","0","0"
"459","3885865","non-C_Q3_2458165","1","0","0","0","0","0","0","0","0","0","0","0","0","0","0","0","0","0","0","0"
"460","3885866","dense vesicle cell 2458212","1","0","3","0","0","0","0","0","0","0","0","0","0","0","0","0","0","0","0","0"
"461","3885867","non-C_vesicle_Q3_2458264","1","0","0","1","0","0","0","0","0","0","0","0","0","0","1","0","0","0","0","0"
"462","3885868","dense vesicle cell 2458316","1","0","4","0","0","0","0","0","0","0","0","0","0","0","0","0","0","0","0","0"
"463","3885869","pre-bridge cell Q3Q4 2458419","1","0","0","0","0","0","0","1","0","0","1","0","0","0","0","0","0","0","0","0"
"464","3885870","dense vesicle cell 2458469","1","0","6","0","0","0","0","0","0","0","0","0","0","0","0","0","0","0","0","0"
"465","3885871","monoC_middle 2456962","1","0","0","1","0","1","0","0","0","1","1","0","0","0","0","0","0","0","0","0"
"466","3885872","monoC_middle_Q3-4_2457436","1","0","0","1","0","1","0","2","0","0","0","0","0","0","0","0","0","0","0","0"
"467","3885873","monoC_middle_Q2_2457634","1","0","0","1","0","1","0","1","0","1","2","0","0","0","1","0","0","0","0","0"
"468","3885874","plumose cell_Q1Q4 2474023","1","1","0","1","0","0","0","0","0","0","1","0","1","0","0","0","0","0","0","0"
"469","3885875","non-C_Q3_2457789","1","0","0","0","0","0","0","0","0","0","1","0","0","0","0","0","0","0","0","0"
"470","3885876","non-C_vesicle_Q2_2457877","1","0","0","0","0","0","0","0","0","0","2","0","0","0","0","0","0","0","0","0"
"471","3885877","multiciliated long projection (8 cilia) cell Q2 2475127","1","0","3","8","2","0","0","2","0","1","0","1","0","0","0","0","0","0","0","1"
"472","3885878","dense vesicle cell 2457946","1","4","0","0","0","0","0","1","0","0","0","0","0","0","0","0","0","0","0","0"
"473","3885879","non-C_Q1-2_2458012","1","0","0","0","0","0","0","0","0","0","0","0","0","0","0","0","0","0","0","0"
"474","3885880","put dev IcMC_Q2 2458075","1","0","10","3","0","0","0","0","0","0","0","0","0","0","0","0","0","0","0","0"
"475","3885881","biC_Q2 2475781","1","0","0","2","0","2","0","1","0","0","0","0","0","0","0","0","0","0","0","0"
"476","3885882","non-C_vesicle_Q3_2458172","1","0","0","0","0","0","0","0","0","0","1","0","0","0","0","0","0","0","0","0"
"477","3885883","outside 2540038","1","0","0","2","0","0","0","0","0","0","0","0","0","0","0","0","0","0","0","0"
"478","3885884","bridge? cell Q3Q4 2458221","1","3","0","0","0","0","0","0","0","0","0","0","0","0","0","0","0","0","0","0"
"479","3885885","non-C_vesicle_2458274","1","0","0","0","0","0","0","1","0","0","0","0","0","0","0","0","0","0","0","0"
"480","3885886","dense vesicle cell 2458326","1","0","5","0","0","0","0","0","0","0","0","0","0","0","0","0","0","0","0","0"
"481","3885887","pre-bridge cell Q3Q4 2458427","1","0","2","0","0","0","0","0","0","0","0","0","0","0","0","0","0","0","0","0"
"482","3885888","monoC_middle 2460126","1","0","0","1","0","0","0","0","0","0","0","0","0","0","0","0","0","0","0","0"
"483","3885889","plumose cell_Q1Q4 2462200","1","3","0","3","0","0","0","0","0","0","1","0","3","0","0","1","0","0","0","0"
"484","3885890","non-C_Q1-2_2456971","1","0","0","0","0","0","0","0","0","0","0","0","0","0","0","0","0","0","0","0"
"485","3885891","non-C_Q3_2457446","1","0","0","0","0","0","0","0","0","0","0","0","0","0","0","0","0","0","0","0"
"486","3885892","plumose cell_Q1Q4 2474039","1","3","0","1","0","0","0","1","0","0","1","0","1","0","0","0","0","0","0","0"
"487","3885893","monoC_middle_Q4_2457643","1","0","0","1","0","1","0","0","0","1","1","0","0","0","1","0","0","0","0","0"
"488","3885894","non-C_vesicle_Q3_2457797","1","13","0","0","0","0","0","1","0","0","0","0","0","6","0","0","0","0","0","0"
"489","3885895","non-C_vesicle_Q1-4_2457885","1","0","0","0","0","0","0","1","0","0","0","0","0","0","1","0","0","0","0","0"
"490","3885896","non-C_Q1-2_2458021","1","0","0","0","0","0","0","0","0","0","0","0","0","0","0","0","0","0","0","0"
"491","3885897","monoC_middle_Q3_2458080","1","0","0","1","0","1","0","0","0","0","0","0","0","1","0","0","0","0","0","0"
"492","3885898","non-C_vesicle_2458131","1","0","0","0","0","0","0","0","0","0","0","0","0","0","0","0","0","0","0","0"
"493","3885899","non-C_vesicle_Q3_2458181","1","0","0","0","0","0","0","0","0","0","2","0","0","1","0","0","0","0","0","0"
"494","3885900","bridge? cell Q3Q4 2458230","1","0","0","0","0","0","0","0","0","0","0","0","0","0","0","0","0","0","0","0"
"495","3885901","dense vesicle cell 2458282","1","0","3","0","0","0","0","0","0","0","0","0","0","0","0","0","0","0","0","0"
"496","3885902","IcMC_Q3 2458334","1","0","11","2","0","0","0","0","0","0","0","0","0","0","0","0","0","0","0","0"
"497","3885903","balancer_Q3 2458391","1","0","0","1","0","0","0","0","0","0","0","0","0","0","0","0","0","0","0","0"
"498","3885904","pre-bridge cell Q3Q4 2458435","1","0","0","0","0","0","0","0","0","0","0","0","0","0","0","0","0","0","0","0"
"499","3885905","monoC_middle 2460136","1","0","0","1","0","0","0","0","0","0","0","0","0","0","1","0","0","0","0","0"
"500","3885906","monoC_middle 2456979","1","0","0","1","0","1","0","0","0","0","0","0","0","0","0","0","0","0","0","0"
"501","3885907","non-C_Q3_2457455","1","0","0","0","0","0","0","1","0","0","0","0","0","0","0","0","0","0","0","0"
"502","3885908","monoC_middle_Q3_2457653","1","0","0","1","0","1","0","1","0","0","0","0","0","0","0","0","0","0","0","0"
"503","3885909","dome_2475151","1","1","0","0","0","0","1","0","0","1","0","0","0","0","0","0","0","0","0","0"
"504","3885910","biC_Q3 2457896","1","7","0","2","0","1","0","0","0","0","0","0","0","0","0","0","0","1","0","0"
"505","3885911","monoC_Q2Q3 2475566","1","0","0","1","0","1","0","0","0","0","0","0","0","0","0","0","0","0","0","0"
"506","3885912","non-C_vesicle_Q1_2457959","1","0","0","0","0","0","0","2","0","0","0","0","0","0","0","0","0","0","0","0"
"507","3885913","monoC_middle_Q2_2458028","1","0","0","1","0","1","0","0","0","0","0","0","0","0","0","0","0","0","0","0"
"508","3885914","non-C_vesicle_2458084","1","0","0","0","0","0","0","0","0","0","0","0","0","1","0","0","0","0","0","0"
"509","3885915","non-C_vesicle_Q3_2458139","1","0","0","0","0","0","0","0","0","0","0","0","0","0","0","0","0","0","0","0"
"510","3885916","neuron 2566487","1","0","0","0","0","0","0","0","0","0","0","0","0","0","0","0","0","0","0","0"
"511","3885917","dense? vesicle cell 2458189","1","0","2","0","0","0","0","0","0","0","0","0","0","0","0","0","0","0","0","0"
"512","3885918","bridge cell Q3Q4 2458238","1","5","0","0","0","0","0","0","0","0","0","0","0","0","0","0","0","0","0","0"
"513","3885919","neuron 2566643","1","0","0","0","0","0","0","0","0","0","0","0","0","0","0","0","0","0","0","0"
"514","3885920","dense vesicle cell 2458291","1","0","2","0","0","0","0","0","0","0","0","0","0","0","0","0","0","0","0","0"
"515","3885921","dense vesicle cell 2458343","1","4","5","0","0","0","0","2","0","0","0","0","0","0","0","0","0","0","0","0"
"516","3885922","EF_Q4 2458444","1","0","0","0","0","0","0","1","0","0","0","0","0","0","0","0","0","0","0","0"
"517","3885923","monoC_middle_Q1-4_2456990","1","0","0","1","0","1","0","0","1","0","0","0","0","0","0","0","0","0","0","0"
"518","3885924","monoC_middle_Q3_2457464","1","0","0","1","0","1","0","0","0","0","0","0","0","0","0","0","0","0","0","0"
"519","3885925","plumose cell_Q1Q4 2474052","1","0","0","1","0","0","0","0","0","1","0","0","1","0","0","0","0","0","0","0"
"520","3885926","monoC_middle_Q1-2_2457810","1","0","0","1","0","1","0","0","0","0","0","1","0","0","0","0","0","0","0","0"
"521","3885927","monociliated vesicle cell Q3 2457908","1","0","0","1","0","1","0","0","0","0","0","0","0","0","0","0","0","0","0","0"
"522","3885928","dome_2475158","1","0","0","0","0","0","0","0","0","0","0","0","0","0","0","0","0","0","0","0"
"523","3885929","non-C_Q2_2457967","1","0","0","0","0","0","0","0","0","0","0","0","0","0","0","0","0","0","0","0"
"524","3885930","dense vesicle cell 2458039","1","0","15","0","0","0","0","1","0","0","0","0","0","0","0","0","0","0","0","0"
"525","3885931","monoC_Q2Q3 2475575","1","0","0","1","0","1","0","0","0","0","0","0","0","0","0","0","0","0","0","0"
"526","3885932","non-C_vesicle_Q3_2458092","1","0","0","0","0","0","0","0","0","0","1","0","0","0","0","0","0","1","0","0"
"527","3885933","dense? vesicle cell 2458148","1","0","2","0","0","0","0","0","0","0","0","0","0","0","0","0","0","0","0","0"
"528","3885934","monoC_Q2Q3 2475791","1","0","0","1","0","1","0","0","0","0","0","0","0","0","0","0","0","0","0","0"
"529","3885935","non-C_vesicle_Q3_2458198","1","0","0","0","0","0","0","0","0","0","0","0","0","0","0","2","0","0","0","0"
"530","3885936","monoC_middle_Q4_2458247","1","0","0","1","0","1","0","0","0","0","0","0","0","0","0","0","0","0","0","0"
"531","3885937","dense vesicle cell 2458300","1","0","4","0","0","0","0","0","0","0","0","0","0","0","0","0","0","0","0","0"
"532","3885938","dense vesicle cell 2458351","1","5","2","0","0","0","0","1","0","0","1","0","0","0","0","0","0","0","0","0"
"533","3885939","EF_Q3Q4 2458402","1","3","0","0","0","0","0","1","0","0","0","0","0","0","0","0","0","0","0","0"
"534","3885940","dense vesicle cell 2458454","1","0","2","0","0","0","0","0","0","0","0","0","0","0","0","0","0","0","0","0"
"535","3885941","multiciliated (3 cilia) cell Q2 2460152","1","0","4","3","0","0","0","0","0","0","0","0","0","0","0","0","0","0","0","0"
"536","3885942","plumose cell_Q1Q4 2474067","1","6","0","1","0","0","0","0","0","0","1","0","2","0","0","0","0","0","0","0"
"537","3885943","plumose cell_Q3 2475171","1","0","0","1","0","0","0","0","0","1","0","0","1","0","0","0","0","0","0","0"
"538","3885944","biC_Q2 2475583","1","0","1","2","0","2","0","0","0","0","0","0","0","0","0","0","0","0","0","0"
"539","3885945","plumose cell_Q4 2474082","1","0","1","1","0","0","0","0","0","0","0","0","1","0","0","1","0","0","0","0"
"540","3885946","biC_Q2Q3 2475180","1","0","3","2","1","1","0","0","0","0","0","0","0","0","0","0","0","0","0","0"
"541","3885947","EF_Q2 2475593","1","0","0","0","0","0","0","0","0","0","0","0","0","0","0","0","0","0","0","0"
"542","3885948","EF_Q3 2475800","1","0","3","0","0","0","0","0","0","0","0","0","0","0","0","0","0","0","0","0"
"543","3885949","EF_Q3Q4 2475913","1","0","0","0","0","0","0","0","0","0","0","0","0","0","0","0","0","0","0","0"
"544","3885950","EF_Q3Q4 2476109","1","0","0","0","0","0","0","0","0","0","0","0","0","0","0","0","0","0","0","0"
"545","3885951","EF_Q3Q4 2476143","1","0","0","0","0","0","0","0","0","0","0","0","0","0","0","0","0","0","0","0"
"546","3885952","lgc_Q3 2474108","1","2","0","0","0","0","0","1","0","0","0","0","0","0","0","0","3","0","0","0"
"547","3885953","biC_Q2Q3 2475198","1","0","0","2","1","1","0","0","0","0","1","0","0","0","0","0","0","0","0","0"
"548","3885954","monoC_Q2Q3 2475600","1","0","0","1","0","1","0","0","0","0","0","0","0","0","0","0","0","0","0","0"
"549","3885955","SNN 2539408","1","18","0","0","0","0","0","0","0","0","0","0","0","0","0","0","0","0","0","0"
"550","3885956","biC_Q3 2475208","1","0","0","2","0","0","0","0","0","0","0","0","0","0","0","0","0","0","0","0"
"551","3885957","lgc_Q2 2474123","1","2","0","0","0","0","0","0","0","0","0","0","0","0","0","0","2","0","0","0"
"552","3885958","biC_Q2Q3 2475218","1","0","0","2","0","2","0","1","0","0","1","0","0","0","0","0","0","0","0","0"
"553","3885959","EF_Q2 2475609","1","0","0","0","0","0","0","1","0","0","0","0","0","0","0","0","0","0","0","0"
"554","3885960","EF_Q3Q4 2476090","1","0","0","0","0","0","0","0","0","0","0","0","0","0","0","0","0","0","0","0"
"555","3885961","EF_Q4 2476157","1","0","0","0","0","0","0","0","0","0","0","0","0","0","0","0","0","0","0","0"
"556","3885962","dome_2476194","1","2","0","0","0","0","0","0","0","0","0","1","0","0","0","0","0","0","0","0"
"557","3885964","plumose cell_Q2Q3 2474138","1","0","0","1","0","0","0","0","0","0","1","0","1","1","1","0","0","1","0","0"
"558","3885965","monoC_Q2Q3 2475229","1","0","0","1","0","1","0","0","0","0","0","0","0","0","0","0","0","0","0","0"
"559","3885966","EF_Q2 2475616","1","0","0","0","0","0","0","0","0","0","0","0","0","0","0","0","0","0","0","0"
"560","3885967","biC_Q3_(CG?)_2476065","1","4","0","2","0","2","0","0","0","0","0","0","0","0","0","0","0","0","0","0"
"561","3885968","EF_Q3Q4 2476100","1","0","0","0","0","0","0","0","0","0","0","0","0","0","0","0","0","0","0","0"
"562","3885969","EF_Q3Q4 2476136","1","0","0","0","0","0","0","0","0","0","0","0","0","0","0","0","0","0","0","0"
"563","3885970","balancer_Q3 2476150","1","0","0","1","0","0","0","0","0","0","0","0","0","0","0","0","0","0","0","0"
"564","3885971","EF_Q3 2476166","1","0","0","0","0","0","0","1","0","0","0","0","0","0","0","0","0","0","0","0"
"565","3885972","monoC_Q2Q3 2476183","1","0","0","1","0","1","0","0","1","0","0","0","0","0","0","0","0","0","0","0"
"566","3885973","EF_Q3 2476208","1","0","0","0","0","0","0","0","0","0","0","0","0","0","0","0","0","0","0","0"
"567","3885974","EF_Q3 2476230","1","0","0","0","0","0","0","0","0","0","0","0","0","0","0","0","0","0","0","0"
"568","3885975","biC_Q3 2476247","1","0","0","2","0","1","0","0","0","0","1","0","0","0","0","0","0","0","0","0"
"569","3885976","EF_Q3 2476251","1","0","1","0","0","0","0","1","0","0","0","0","0","0","0","0","0","0","0","0"
"570","3885977","EF_Q3 2476259","1","0","0","0","0","0","0","0","0","0","1","0","0","0","0","0","0","0","0","0"
"571","3885978","biC_Q3 2476398","1","0","0","2","0","2","0","0","0","0","0","0","0","0","0","0","0","0","0","0"
"572","3885979","monoC_Q2Q3 2476408","1","0","0","1","0","1","0","0","0","0","0","0","0","0","0","0","0","0","0","0"
"573","3885980","biC_Q3 2476424","1","0","0","2","0","1","0","0","0","0","1","0","0","0","0","0","0","0","0","0"
"574","3885981","multiciliated (4 cilia) cell Q3 2476434","1","0","0","4","0","0","0","0","0","0","1","0","0","0","0","0","0","0","0","0"
"575","3885982","monoC_Q2Q3 2476446","1","0","0","1","0","1","0","0","0","0","0","0","0","0","0","0","0","0","0","0"
"576","3885983","multiciliated (3 cilia) cell Q3 2476514","1","0","0","3","0","0","0","0","0","0","1","0","0","0","0","0","0","0","0","0"
"577","3885984","biC_Q3 2476527","1","0","0","2","0","2","0","1","0","0","0","0","0","0","0","0","0","0","0","1"
"578","3885985","EF_Q3 2476627","1","0","0","0","0","0","0","0","0","1","0","0","0","1","0","0","0","0","0","0"
"579","3885986","monoC_Q2Q3 2476637","1","0","0","1","0","0","0","0","0","0","0","0","0","0","0","0","0","0","0","0"
"580","3885987","monoC_Q2Q3 2476646","1","0","0","1","0","1","0","0","0","0","1","0","0","0","0","0","0","0","0","0"
"581","3885988","multiciliated (4 cilia) cell Q3 2476655","1","0","3","4","0","0","0","0","0","0","0","0","0","0","0","0","0","0","0","0"
"582","3885989","monoC_Q2Q3 2476668","1","0","0","1","0","1","0","0","0","0","0","0","0","0","0","0","0","0","0","0"
"583","3885990","monoC_Q2Q3 2476686","1","0","0","1","0","1","0","0","1","0","0","0","0","0","0","0","0","0","0","0"
"584","3885991","EF_Q3 2476695","1","0","0","0","0","0","0","0","0","0","1","0","0","0","0","0","0","0","0","0"
"585","3885992","monoC_Q2Q3 2476705","1","0","0","1","0","1","0","0","0","0","0","0","0","0","0","0","0","0","0","0"
"586","3885993","monoC_Q2Q3 2476714","1","2","0","1","0","1","0","1","0","0","0","0","0","0","0","0","0","0","0","0"
"587","3885994","multiciliated (3 cilia) cell Q3 2476742","1","0","20","3","0","0","0","0","0","0","0","0","0","0","0","0","0","0","0","0"
"588","3885995","biC_Q3 2476769","1","0","0","2","0","1","0","0","0","0","1","0","0","0","0","0","0","0","0","0"
"589","3885996","multiciliated (3 cilia) cell Q3 2476951","1","0","1","3","0","0","0","0","0","0","0","0","0","0","0","0","0","0","0","0"
"590","3885997","biciliated vesicle cell Q3 2476970","1","0","0","2","1","1","0","0","0","0","0","0","0","3","0","0","0","0","0","0"
"591","3885998","biC_Q3 2477023","1","0","1","2","2","0","0","0","0","0","1","0","0","0","0","0","0","0","0","0"
"592","3885999","biC_Q3 2477038","1","0","0","2","1","0","0","0","0","0","0","0","0","0","0","0","0","0","0","0"
"593","3886000","biC_Q3 2477048","1","0","0","2","0","0","0","1","0","0","0","0","0","0","0","0","0","0","0","0"
"594","3886001","biC_Q3 2477058","1","0","1","2","0","0","0","1","0","0","0","0","0","0","0","0","0","0","0","0"
"595","3886002","monoC_Q2Q3 2477068","1","0","0","0","0","0","0","0","0","0","0","0","0","0","0","0","0","0","0","0"
"596","3886003","biC_Q3 2477076","1","0","0","2","0","2","0","1","0","0","1","0","0","1","0","0","0","0","0","0"
"597","3886004","biC_Q3 2477084","1","0","0","2","1","0","0","0","0","0","0","0","0","0","0","0","0","0","0","0"
"598","3886005","biC_Q3 2477096","1","0","0","2","1","0","0","0","0","0","0","0","0","0","0","0","1","0","0","0"
"599","3886006","biC_Q3 2477106","1","0","0","2","1","1","0","0","0","0","0","0","0","0","0","0","0","0","0","0"
"600","3886007","biC_Q3 2477122","1","0","2","2","0","2","0","0","0","0","0","0","0","1","0","0","0","0","0","0"
"601","3886008","biC_Q3 2477132","1","4","0","2","0","2","0","0","0","0","0","0","0","0","0","0","0","0","0","0"
"602","3886009","multiciliated (3 cilia) cell Q3 2477139","1","0","1","3","0","0","0","0","0","0","0","0","0","0","0","0","0","0","0","0"
"603","3886010","monoC_Q2Q3 2477145","1","0","0","1","0","1","0","0","0","0","0","0","0","0","0","0","0","0","0","0"
"604","3886011","monoC_Q2Q3 2477161","1","0","0","1","0","1","0","0","0","0","0","0","0","0","0","0","0","0","0","0"
"605","3886012","monoC_Q2Q3 2477171","1","0","0","1","0","1","0","0","0","0","0","0","0","0","0","0","0","0","0","0"
"606","3886013","monoC_Q2Q3 2477181","1","0","0","1","0","1","0","0","0","0","0","0","0","0","0","0","0","0","0","0"
"607","3886014","biciliated vesicle cell Q2Q3 2477191","1","0","1","2","1","1","0","0","1","0","0","0","0","2","0","0","0","0","0","0"
"608","3886015","monoC_Q2Q3 2477199","1","0","2","1","0","1","0","0","0","0","0","0","0","0","0","0","0","0","0","0"
"609","3886016","monociliated long projection cell Q3 2477210","1","0","1","1","0","1","0","0","0","0","0","0","0","0","0","0","0","0","0","0"
"610","3886017","biC_Q2 2477221","1","0","0","2","0","2","0","0","0","0","0","0","0","0","0","0","0","0","0","0"
"611","3886018","monoC_Q2Q3 2477233","1","0","0","1","0","1","0","0","0","0","0","0","0","0","0","0","0","0","0","0"
"612","3886019","monoC_Q2Q3 2477243","1","0","0","1","0","1","0","0","0","0","0","0","0","0","0","0","0","0","0","0"
"613","3886020","monoC_Q2Q3 2477289","1","0","0","1","0","1","0","2","0","0","0","0","0","0","0","0","0","0","0","0"
"614","3886021","biC_Q2Q3 2477299","1","0","0","2","0","1","0","2","0","0","0","0","0","0","1","0","0","0","0","0"
"615","3886022","monociliated vesicle cell Q3 2477312","1","0","1","1","0","1","0","1","0","0","0","0","0","4","0","0","0","0","0","0"
"616","3886023","monoC_Q2Q3 2477322","1","0","0","1","0","1","0","0","0","0","0","0","0","1","0","0","0","0","0","0"
"617","3886024","monoC_Q2Q3 2477342","1","0","0","1","0","1","0","0","0","0","0","0","0","1","0","0","0","0","0","0"
"618","3886025","biC_Q2Q3 2477368","1","0","0","2","1","1","0","0","0","0","0","0","0","1","0","0","0","0","0","0"
"619","3886026","monoC_Q2Q3 2477382","1","0","0","1","0","1","0","0","0","0","0","0","0","0","0","0","0","0","0","0"
"620","3886027","monoC_Q2Q3 2477391","1","0","0","1","0","1","0","0","0","1","0","0","0","0","0","0","0","0","0","0"
"621","3886028","monoC_Q2Q3 2477403","1","0","0","1","0","1","0","0","0","0","0","0","0","0","0","0","0","0","0","0"
"622","3886029","monoC_Q2Q3 2477412","1","0","0","1","0","1","0","1","0","0","1","0","0","0","0","0","0","0","0","0"
"623","3886030","biC_Q3 2477421","1","0","0","2","1","1","0","0","0","0","0","0","0","0","0","0","0","0","0","0"
"624","3886031","EF_Q3 2477432","1","0","0","0","0","0","0","0","0","0","0","0","0","0","0","0","0","0","0","0"
"625","3886032","biC_Q3 2477450","1","0","0","2","0","0","0","0","0","0","0","0","0","0","0","0","0","0","0","0"
"626","3886033","monoC_Q2Q3 2477471","1","0","0","1","0","1","0","0","0","0","0","0","0","0","0","0","0","0","0","0"
"627","3886034","monoC_Q2Q3 2477487","1","0","1","1","0","1","0","0","0","0","0","0","0","0","0","0","0","0","0","0"
"628","3886035","monoC_Q2Q3 2477501","1","0","0","1","0","0","0","0","0","0","0","0","0","0","0","0","0","0","0","0"
"629","3886036","monoC_Q2Q3 2477517","1","0","0","1","0","1","0","0","0","0","0","0","0","0","0","0","0","0","0","0"
"630","3886037","EF_Q3 2477529","1","0","0","0","0","0","0","0","0","0","0","0","0","0","0","0","0","0","0","0"
"631","3886038","biC_Q2Q3 2477554","1","0","0","2","0","0","0","0","0","0","0","0","0","0","0","0","0","0","0","0"
"632","3886039","monoC_Q2Q3 2477564","1","0","0","1","0","1","0","0","0","0","0","0","0","0","0","0","0","0","0","0"
"633","3886040","monoC_Q2Q3 2477572","1","0","0","1","0","1","0","0","0","0","1","0","0","0","0","0","0","0","0","0"
"634","3886041","monoC_Q2Q3 2477581","1","0","0","1","0","1","0","0","0","0","0","0","0","0","0","0","0","0","0","0"
"635","3886042","monoC_Q2Q3 2477590","1","0","0","1","0","1","0","0","0","0","0","0","0","0","0","0","0","0","0","0"
"636","3886043","monoC_Q2Q3 2477598","1","0","0","1","0","1","0","0","0","0","0","0","0","0","0","0","0","0","0","0"
"637","3886044","monoC_Q2Q3 2477607","1","0","0","1","0","1","0","0","0","0","0","0","0","0","0","0","0","0","0","0"
"638","3886045","monoC_Q2Q3 2477616","1","0","0","1","0","1","0","1","0","0","0","0","0","1","0","0","0","0","0","0"
"639","3886046","monoC_Q2Q3 2477624","1","0","0","1","0","1","0","1","0","1","1","0","0","1","0","0","0","0","0","0"
"640","3886047","EF_Q3 2477633","1","0","0","0","0","0","0","0","0","0","0","0","0","0","0","0","0","0","0","0"
"641","3886048","EF_Q3 2477639","1","0","0","0","0","0","0","0","0","1","0","0","0","0","0","0","0","0","0","0"
"642","3886049","EF_Q3 2477645","1","0","1","0","0","0","0","0","0","0","0","0","0","0","0","0","0","0","0","0"
"643","3886050","EF_Q2 2477652","1","0","0","0","0","0","0","0","0","0","0","0","0","0","0","0","0","0","0","0"
"644","3886051","EF_Q3 2477659","1","0","0","0","0","0","0","1","0","1","0","0","0","0","0","0","0","0","0","0"
"645","3886052","EF_Q3 2477669","1","0","0","0","0","0","0","0","0","0","0","0","0","0","0","0","0","0","0","0"
"646","3886053","EF_Q3 2477678","1","0","0","0","0","0","0","0","0","0","0","0","0","0","0","0","0","0","0","0"
"647","3886054","ssCG_Q3 2477698","1","0","0","0","0","0","0","0","0","0","0","0","0","0","0","0","0","0","0","0"
"648","3886055","EF_Q3 2477707","1","0","0","0","0","0","0","0","0","1","0","0","0","0","0","0","0","0","0","0"
"649","3886056","EF_Q3 2477713","1","0","4","0","0","0","0","1","0","0","0","0","0","0","0","0","0","0","0","0"
"650","3886057","monoC_Q2Q3 2477718","1","0","0","1","0","1","0","1","0","0","0","0","0","0","0","0","0","0","0","0"
"651","3886058","EF_Q3 2477737","1","0","0","0","0","0","0","0","0","0","0","0","0","0","0","0","0","0","0","0"
"652","3886059","biC_Q3 2477746","1","0","0","2","0","2","0","0","0","0","0","0","0","0","0","0","0","0","1","1"
"653","3886060","EF_Q3 2477756","1","0","0","0","0","0","0","0","0","0","0","0","0","0","0","0","0","0","0","0"
"654","3886061","EF_Q1 2477779","1","0","0","0","0","0","0","0","0","0","0","0","0","0","0","0","0","0","0","0"
"655","3886062","EF_Q4 2477785","1","8","0","0","0","0","0","1","1","0","0","0","0","0","0","0","0","0","0","0"
"656","3886063","EF_Q4 2477791","1","0","1","0","0","0","0","0","0","1","0","0","0","0","0","0","0","0","0","0"
"657","3886064","monoC_Q1Q4 2477797","1","0","0","1","0","1","0","1","0","0","0","0","0","2","0","0","0","0","0","0"
"658","3886065","monoC_Q1Q4 2477808","1","0","0","1","0","1","0","0","0","1","0","0","0","1","0","0","0","0","0","0"
"659","3886066","monoC_Q1Q4 2477823","1","0","0","1","0","1","0","0","0","5","0","0","0","1","0","0","0","0","0","0"
"660","3886067","monociliated vesicle cell Q1 2477831","1","0","0","1","0","0","0","0","0","1","0","0","0","4","0","0","1","0","0","0"
"661","3886068","monoC_Q1Q4 2477841","1","0","0","0","0","0","0","0","0","0","1","0","0","1","0","0","0","0","0","0"
"662","3886069","monoC_Q1Q4 2477850","1","0","0","1","0","1","0","0","1","0","1","0","0","0","0","0","0","0","0","0"
"663","3886070","monoC_Q1Q4 2477863","1","0","1","1","0","0","0","0","0","0","0","0","0","0","0","0","0","0","0","0"
"664","3886071","monoC_Q1Q4 2477871","1","0","3","1","0","1","0","0","0","0","0","0","0","0","0","0","0","0","0","0"
"665","3886072","biC_Q1Q4 2477885","1","5","4","2","0","2","0","0","1","0","1","0","0","1","0","0","0","0","0","0"
"666","3886073","biC_Q1Q4 2477893","1","0","0","2","1","1","0","0","0","0","1","0","0","0","0","0","0","0","0","0"
"667","3886074","multiciliated (3 cilia) cell Q4 2477904","1","0","1","3","0","0","0","0","0","0","1","0","0","0","0","0","0","0","0","0"
"668","3886075","EF_Q1 2477914","1","0","0","0","0","0","0","0","0","1","0","0","0","0","0","0","0","0","0","0"
"669","3886076","EF_Q4 2477922","1","0","2","2","0","0","0","0","0","0","0","0","0","0","0","0","0","0","0","0"
"670","3886077","monoC_Q1Q4 2477930","1","0","0","1","0","1","0","0","1","0","0","0","0","0","0","0","0","0","0","0"
"671","3886078","monoC_Q1Q4 2477940","1","0","0","1","0","1","0","0","1","0","0","0","0","0","0","0","0","0","0","0"
"672","3886079","monoC_Q1Q4 2477950","1","0","1","1","0","1","0","0","0","0","0","1","0","0","0","0","0","0","0","0"
"673","3886080","monoC_Q1Q4 2477959","1","0","1","1","0","1","0","0","0","0","1","0","0","0","0","0","0","0","0","0"
"674","3886081","monociliated vesicle cell middle 2477968","1","0","0","1","0","1","0","1","0","0","1","0","0","4","1","0","0","0","0","0"
"675","3886082","biC_Q4 2477977","1","0","0","2","0","2","0","0","0","0","0","0","0","0","0","0","0","0","0","0"
"676","3886083","biC_Q4 2477987","1","0","0","2","0","2","0","0","0","1","0","0","0","0","0","0","0","0","0","0"
"677","3886084","monoC_Q1Q4 2477997","1","0","1","1","0","1","0","1","0","0","0","0","0","1","0","0","0","0","0","0"
"678","3886085","monoC_Q1Q4 2478007","1","0","0","1","0","1","0","0","0","0","0","0","0","0","0","0","0","0","0","0"
"679","3886086","biC_Q1Q4 2478016","1","0","0","2","0","2","0","0","0","0","0","0","0","0","0","0","0","0","0","0"
"680","3886087","monoC_Q1Q4 2478026","1","0","0","1","0","0","0","0","0","0","0","0","0","0","0","0","0","0","0","0"
"681","3886088","EF_Q4 2478032","1","0","0","0","0","0","0","0","0","0","0","0","0","0","0","0","0","0","0","0"
"682","3886089","monoC_Q1Q4 2478041","1","0","0","1","0","1","0","0","0","0","1","0","0","0","0","0","0","0","0","0"
"683","3886090","monoC_Q1Q4 2478050","1","0","0","1","0","1","0","0","0","0","1","0","0","0","0","0","0","0","0","0"
"684","3886091","biC_Q1Q4 2478058","1","0","0","2","1","1","0","0","0","0","0","0","0","0","0","0","0","0","0","0"
"685","3886092","monoC_Q1Q4 2478066","1","0","0","1","0","1","0","0","0","0","1","0","0","0","0","0","0","0","0","0"
"686","3886093","monoC_Q1Q4 2478075","1","0","0","1","0","1","0","0","0","0","1","0","0","0","0","0","0","0","0","0"
"687","3886094","monoC_Q1Q4 2478084","1","0","1","1","0","1","0","0","0","0","0","0","0","0","0","0","0","0","0","0"
"688","3886095","monociliated vesicle cell Q4 2478095","1","0","0","1","0","1","0","0","0","1","2","0","0","2","0","0","0","0","0","0"
"689","3886096","monociliated long projection cell Q4 2478108","1","0","0","1","0","1","0","0","0","0","0","0","0","0","0","1","0","0","0","0"
"690","3886097","monoC_Q1Q4 2478117","1","0","2","1","0","1","0","0","0","0","0","0","0","0","0","0","0","0","0","0"
"691","3886098","monoC_Q1Q4 2478126","1","0","1","1","0","1","0","1","0","0","0","0","0","0","0","0","0","0","0","0"
"692","3886099","monoC_Q1Q4 2478135","1","0","0","1","0","1","0","0","0","0","0","0","0","0","0","0","0","0","0","0"
"693","3886100","biC_Q1Q4 2478143","1","0","0","2","0","2","0","0","0","0","0","0","0","0","0","0","0","0","0","0"
"694","3886101","multiciliated (3 cilia) cell Q4 2478155","1","0","0","3","0","0","0","1","0","0","1","0","0","0","0","0","0","0","0","0"
"695","3886102","monoC_Q1Q4 2478165","1","0","0","1","0","1","0","0","0","0","0","0","0","0","0","0","0","0","0","0"
"696","3886103","multiciliated (3 cilia) cell Q4 2478173","1","0","2","3","0","0","0","0","0","0","0","0","0","0","0","0","0","0","0","1"
"697","3886104","LB_Q4 2478183","1","0","1","23","0","0","0","2","0","0","0","0","0","0","0","0","0","0","22","0"
"698","3886105","monoC_middle 2478191","1","0","0","1","0","1","0","0","0","0","0","0","0","0","0","0","0","0","0","0"
"699","3886106","LB_Q4 2478198","1","0","9","2","0","0","0","0","0","0","0","0","0","0","0","0","0","0","0","0"
"700","3886107","dense vesicle cell 2478209","1","0","3","0","0","0","0","0","0","0","0","0","0","0","0","0","0","0","0","0"
"701","3886108","dense vesicle cell 2478219","1","0","2","0","0","0","0","0","0","0","0","0","0","0","0","0","0","0","0","0"
"702","3886109","dense vesicle cell 2478227","1","0","2","0","0","0","0","1","0","0","0","0","0","0","0","0","0","0","0","0"
"703","3886110","dense vesicle cell 2478235","1","0","2","0","0","0","0","0","0","0","0","0","0","0","0","0","0","0","0","0"
"704","3886111","dense vesicle cell 2478245","1","0","2","0","0","0","0","0","0","0","0","0","0","0","0","0","0","0","0","0"
"705","3886112","dense vesicle cell 2478253","1","0","2","0","0","0","0","0","0","0","0","0","0","0","0","0","0","0","0","0"
"706","3886113","dense vesicle cell 2478261","1","0","2","0","0","0","0","0","0","0","0","0","0","0","0","0","0","0","0","0"
"707","3886114","dense? vesicle cell 2478269","1","0","2","0","0","0","0","0","0","0","0","0","0","0","0","0","0","0","0","0"
"708","3886115","monoC_middle 2478275","1","0","0","1","0","1","0","0","0","0","0","0","0","0","0","0","0","0","0","0"
"709","3886116","dense vesicle cell 2478284","1","0","2","0","0","0","0","0","0","0","0","0","0","0","0","0","0","0","0","0"
"710","3886117","dense vesicle cell 2478292","1","0","3","0","0","0","0","0","0","0","0","0","0","0","0","0","0","0","0","0"
"711","3886118","dense vesicle cell 2478302","1","0","2","0","0","0","0","0","0","0","0","0","0","0","0","0","0","0","0","0"
"712","3886119","dense vesicle cell 2478313","1","0","4","0","0","0","0","0","0","0","0","0","0","0","0","0","0","0","0","0"
"713","3886120","dense vesicle cell 2478321","1","0","2","0","0","0","0","0","0","1","0","0","0","0","0","0","0","0","0","0"
"714","3886121","dense vesicle cell 2478329","1","0","3","0","0","0","0","0","0","0","0","0","0","0","0","0","0","0","0","0"
"715","3886122","LB_Q1 2478337","1","0","8","4","1","0","0","2","0","0","0","0","0","0","0","0","0","0","0","0"
"716","3886123","multiciliated (3 cilia) cell Q4 2478346","1","0","0","3","0","1","0","0","0","0","0","0","0","0","0","0","0","0","0","0"
"717","3886124","multiciliated (4+1 cilia) cell Q4 2478356","1","1","14","5","0","0","0","0","0","0","1","0","0","0","0","0","0","0","1","0"
"718","3886125","multiciliated long projection cell Q4 2478368","1","0","2","11","0","0","0","1","1","0","4","1","0","0","1","0","0","0","0","0"
"719","3886126","monoC_Q1Q4 2478397","1","0","0","1","0","1","0","0","0","0","0","0","0","0","0","0","0","0","0","0"
"720","3886127","biC_Q1Q4 2478406","1","0","0","2","0","2","0","0","0","0","1","0","0","0","0","0","0","0","0","0"
"721","3886128","biC_Q1Q4 2478534","1","0","4","2","0","2","0","0","0","0","0","0","0","0","0","0","0","0","0","0"
"722","3886129","multiciliated (5 cilia) cell Q4 2478545","1","7","2","5","0","0","0","0","1","0","2","0","0","0","0","0","0","0","0","0"
"723","3886130","multiciliated (5 cilia) cell Q4 2478560","1","0","12","5","0","0","0","0","0","0","0","0","0","0","0","1","0","0","0","0"
"724","3886131","biC_Q4 2478609","1","0","0","2","0","2","0","0","0","0","0","0","0","0","0","0","0","0","0","0"
"725","3886132","biC_Q1Q4 2478619","1","0","0","2","0","2","0","0","1","0","0","0","0","0","0","0","0","4","0","0"
"726","3886133","non-C_vesicle_Q1-4_2478629","1","0","0","0","0","0","0","0","0","0","2","0","0","0","0","0","0","0","0","0"
"727","3886134","biC_Q1Q4 2478692","1","0","0","2","1","1","0","0","0","0","0","0","0","0","1","0","0","0","0","0"
"728","3886135","biC_Q1 2478702","1","3","0","2","0","0","0","0","0","0","0","0","0","0","0","0","0","1","0","0"
"729","3886136","non-C_vesicle_Q1_2478711","1","0","0","0","0","0","0","0","0","0","1","0","0","0","1","0","0","1","0","0"
"730","3886137","monoC_middle 2478722","1","0","3","1","0","1","0","0","0","0","0","0","0","0","1","0","0","0","0","0"
"731","3886138","biciliated long projection cell_Q1Q4 2478730","1","0","0","2","1","1","0","0","0","0","2","0","0","1","2","0","0","0","0","0"
"732","3886139","monociliated vesicle cell Q1 2478738","1","0","1","1","0","1","0","0","0","0","1","0","0","0","1","0","0","0","0","0"
"733","3886140","monoC_Q1Q4 2478747","1","0","0","1","0","1","0","0","0","0","0","0","0","0","0","0","0","0","0","0"
"734","3886141","biC_Q1Q4 2478756","1","0","0","2","0","2","0","0","1","0","0","0","0","0","0","0","0","0","0","0"
"735","3886142","multiciliated (6 cilia) vesicle cell Q1 2478767","1","0","0","6","0","0","0","0","0","0","0","0","0","0","0","0","0","0","0","0"
"736","3886143","multiciliated (4 cilia) cell Q4 2478782","1","0","6","4","0","0","0","1","0","0","0","0","0","0","0","0","0","0","0","0"
"737","3886144","biC_Q4 2478795","1","0","0","2","0","2","0","0","0","1","0","0","0","0","0","0","0","1","0","0"
"738","3886145","plumose cell_Q1 2478805","1","0","0","0","0","0","0","0","0","0","0","0","1","0","0","0","0","1","0","0"
"739","3886146","monoC_Q1Q4 2478815","1","0","1","1","0","1","0","0","0","0","1","0","0","0","0","0","0","0","0","0"
"740","3886147","EF_Q1 2478825","1","3","0","0","0","0","0","1","0","0","0","0","0","0","0","0","0","0","0","0"
"741","3886148","biC_Q1 2478834","1","0","0","2","0","2","0","0","0","0","1","0","0","0","0","0","0","0","0","0"
"742","3886149","monoC_Q1Q4 2478845","1","0","1","1","0","1","0","1","0","1","1","0","0","0","0","0","0","0","0","0"
"743","3886150","monoC_Q1Q4 2478853","1","0","0","1","0","1","0","0","0","0","0","0","0","0","0","0","0","0","0","0"
"744","3886151","monoC_Q1Q4 2478862","1","0","0","1","0","1","0","0","0","0","0","0","0","0","0","0","0","0","0","0"
"745","3886152","monoC_Q1Q4 2478870","1","0","0","1","0","1","0","0","0","0","1","0","0","0","0","0","0","0","0","0"
"746","3886153","EF_Q1 2478880","1","0","0","0","0","0","0","0","0","0","1","0","0","0","0","0","0","0","0","0"
"747","3886154","monoC_Q1Q4 2478887","1","0","0","1","0","1","0","0","0","0","0","0","0","0","0","0","0","0","0","0"
"748","3886155","biC_Q1 2478894","1","0","0","2","1","1","0","1","0","0","0","0","0","0","0","0","0","0","0","0"
"749","3886156","biC_Q1 2478904","1","0","0","2","0","1","0","0","0","0","0","0","0","0","0","0","0","0","0","0"
"750","3886157","monoC_Q1Q4 2478914","1","0","0","1","0","1","0","0","0","0","0","0","0","0","0","0","0","0","0","0"
"751","3886158","monoC_Q1Q4 2478925","1","0","2","1","0","0","0","0","0","0","0","0","0","0","0","0","0","0","0","0"
"752","3886159","biC_Q1 2478934","1","0","0","2","0","2","0","0","0","0","0","0","0","0","0","0","0","0","0","0"
"753","3886160","monoC_Q1Q4 2478945","1","0","0","1","0","1","0","0","0","0","0","0","0","0","1","0","0","0","0","0"
"754","3886161","monoC_Q1Q4 2478954","1","0","0","1","0","1","0","1","0","1","0","0","0","2","0","0","0","0","0","0"
"755","3886162","monoC_Q1Q4 2478963","1","0","0","1","0","1","0","0","0","0","0","0","0","0","0","0","0","0","0","0"
"756","3886163","EF_Q1 2478972","1","0","0","0","0","0","0","0","0","0","0","0","0","0","0","0","0","0","0","0"
"757","3886164","monoC_Q1Q4 2478978","1","0","0","1","0","1","0","0","0","0","1","0","0","0","0","0","0","0","0","0"
"758","3886165","EF_Q1 2478986","1","0","0","0","0","0","0","0","0","0","1","0","0","0","0","0","0","0","0","0"
"759","3886166","monoC_Q1Q4 2478993","1","0","0","1","0","1","0","0","0","0","1","0","0","0","0","0","0","0","0","0"
"760","3886167","monoC_Q1Q4 2479002","1","0","0","1","0","1","0","0","0","0","1","0","0","0","0","0","0","0","0","0"
"761","3886168","monoC_Q1Q4 2479011","1","0","0","1","0","1","0","0","0","0","0","0","0","0","0","0","0","0","0","0"
"762","3886169","monoC_Q1Q4 2479019","1","0","0","1","0","1","0","0","0","0","1","0","0","0","0","0","0","0","0","0"
"763","3886170","multiciliated (4 cilia) cell Q1 2479028","1","7","13","4","0","0","0","1","0","0","0","0","0","0","0","0","0","0","0","0"
"764","3886171","biC_Q1 2479040","1","0","0","2","0","2","0","0","0","0","0","0","0","0","0","1","0","0","0","0"
"765","3886172","multiciliated (3 cilia) cell Q1 2479050","1","0","10","3","0","0","0","0","0","0","1","0","0","0","0","0","0","0","0","0"
"766","3886173","biC_Q1 2479061","1","0","0","2","1","1","0","0","0","0","0","0","0","0","0","1","0","0","0","0"
"767","3886174","biC_Q1 2479071","1","0","0","2","0","2","0","0","0","0","0","0","0","0","0","0","0","0","0","0"
"768","3886175","multiciliated (3 cilia) cell Q1 2479083","1","0","1","3","0","0","0","0","0","0","0","0","0","1","0","0","0","0","0","0"
"769","3886176","monoC_Q1Q4 2479094","1","0","0","1","0","1","0","0","0","0","0","0","0","0","0","0","0","0","0","0"
"770","3886177","biC_Q1 2479102","1","0","0","2","0","1","0","0","0","0","0","0","0","0","0","0","0","0","0","0"
"771","3886178","monoC_Q1Q4 2479112","1","0","0","1","0","1","0","0","0","0","0","0","0","0","0","0","0","0","0","0"
"772","3886179","monoC_Q1Q4 2479121","1","0","0","1","0","1","0","0","0","0","0","0","0","0","0","0","0","0","0","0"
"773","3886180","multiciliated (3 cilia) cell Q1 2479130","1","0","0","3","0","0","0","0","0","0","0","0","0","0","0","0","0","0","0","0"
"774","3886181","monoC_Q1Q4 2479152","1","0","0","1","0","1","0","0","0","0","0","0","0","0","0","0","0","0","0","1"
"775","3886182","monoC_Q1Q4 2479162","1","0","0","1","0","1","0","0","0","0","0","0","0","0","1","0","0","0","0","0"
"776","3886183","monoC_Q1Q4 2479171","1","0","0","1","0","1","0","1","0","0","0","0","0","0","1","0","0","0","0","0"
"777","3886185","biC_Q1 2479180","1","0","0","2","1","1","0","0","0","1","0","0","0","0","0","0","0","0","0","0"
"778","3886186","biC_Q1 2479189","1","0","0","2","1","0","0","0","0","0","0","0","0","0","1","0","0","0","0","0"
"779","3886187","biC_Q1 2479199","1","0","0","2","0","1","0","0","0","0","0","0","0","0","0","0","0","0","0","0"
"780","3886188","monoC_Q1Q4 2479211","1","0","0","1","0","1","0","0","0","0","0","0","0","0","0","0","0","0","0","0"
"781","3886189","monoC_Q1 2479220","1","0","0","1","0","1","0","0","0","0","0","0","0","0","0","0","0","0","0","0"
"782","3886190","biC_Q1 2479228","1","0","0","2","0","1","0","0","0","0","0","0","0","0","0","0","0","0","0","0"
"783","3886191","biC_Q1 2479238","1","0","0","2","0","2","0","0","0","0","0","0","0","0","0","0","0","0","0","0"
"784","3886192","monoC_Q1Q4 2479247","1","0","0","1","0","1","0","0","0","0","0","0","0","0","0","0","0","0","0","0"
"785","3886193","EF_Q1 2479256","1","0","1","0","0","0","0","0","0","0","0","0","0","0","0","0","0","0","0","0"
"786","3886194","EF_Q1 2479264","1","0","0","0","0","0","0","0","0","0","0","0","0","0","0","0","0","0","0","0"
"787","3886195","EF_Q1 2479271","1","0","4","0","0","0","0","0","0","0","0","0","0","0","0","0","0","0","0","0"
"788","3886196","EF_Q1 2479279","1","0","0","0","0","0","0","0","0","0","0","0","0","0","0","0","0","0","0","0"
"789","3886197","monoC_Q1Q4 2479286","1","2","1","1","0","1","0","0","0","1","1","0","0","0","0","0","0","0","0","0"
"790","3886198","EF_Q4 2479293","1","0","0","0","0","0","0","0","0","0","1","0","0","0","0","0","0","0","0","0"
"791","3886199","EF_Q4 2479302","1","0","1","0","0","0","0","0","0","0","0","0","0","0","0","0","0","0","0","0"
"792","3886200","monoC_Q1Q4 2479309","1","0","0","1","0","1","0","0","0","0","0","0","0","0","0","0","0","0","0","0"
"793","3886201","monoC_Q1Q4 2479318","1","2","2","1","0","0","0","0","0","0","0","0","0","0","0","0","0","0","0","0"
"794","3886202","biC_Q4 2479327","1","4","0","2","0","2","0","0","0","0","1","0","0","0","0","0","0","0","0","0"
"795","3886203","EF_Q4 2479340","1","0","0","0","0","0","0","0","0","0","1","0","0","0","0","0","0","0","0","0"
"796","3886204","biC_Q4 2479348","1","0","2","2","0","1","0","1","0","0","0","0","0","0","0","0","0","0","0","0"
"797","3886205","EF_Q4 2479358","1","0","0","0","0","0","0","0","0","0","0","0","0","0","0","0","0","0","0","0"
"798","3886206","monoC_Q1Q4 2479367","1","0","0","1","0","1","0","0","0","0","0","1","0","0","0","0","0","0","0","0"
"799","3886207","biC_Q4 2479376","1","0","0","2","0","2","0","0","0","0","0","0","0","0","0","0","0","0","0","0"
"800","3886208","biC_Q4 2479420","1","0","0","2","0","2","0","0","0","0","1","0","0","0","0","0","0","0","0","0"
"801","3886209","multiciliated (3 cilia) cell Q4 2479430","1","0","2","3","0","0","0","0","0","0","1","0","0","0","0","0","0","0","0","0"
"802","3886210","biC_Q4 2479441","1","0","0","2","0","1","0","0","0","0","0","0","0","0","0","0","0","0","0","0"
"803","3886211","biC_Q4 2479461","1","0","0","2","0","2","0","0","0","0","0","0","0","0","0","0","0","0","0","0"
"804","3886212","monoC_Q1Q4 2479471","1","0","0","1","0","1","0","1","0","0","0","0","0","0","0","0","0","0","0","0"
"805","3886213","biC_Q4 2479480","1","0","1","2","0","1","0","1","0","0","0","0","0","0","0","0","0","0","0","0"
"806","3886214","biC_Q4 2479491","1","0","0","2","0","2","0","0","0","0","0","0","0","0","0","0","0","0","0","0"
"807","3886215","EF_Q4 2479501","1","0","0","0","0","0","0","0","0","0","0","1","0","0","0","0","0","0","0","0"
"808","3886216","monoC_Q1Q4 2479508","1","0","0","1","0","1","0","0","0","0","0","0","0","0","0","0","0","0","0","0"
"809","3886217","EF_Q4 2479517","1","0","0","0","0","0","0","0","0","0","0","0","0","0","0","0","0","0","0","0"
"810","3886218","dense vesicle cell 2479525","1","0","1","0","0","0","0","0","0","0","0","0","0","0","0","0","0","0","0","0"
"811","3886219","biC_Q4 2479533","1","0","0","2","1","1","0","0","0","0","0","0","0","0","0","0","0","0","0","0"
"812","3886220","biC_Q4 2479543","1","0","0","2","0","2","0","1","0","0","1","0","0","0","0","0","0","0","0","0"
"813","3886221","multiciliated (3 cilia) cell Q4 2479553","1","0","3","3","0","0","0","0","0","0","0","0","0","0","0","0","0","0","0","0"
"814","3886222","biC_Q4 2479564","1","0","0","2","0","0","0","0","0","0","0","0","0","0","0","0","0","0","0","0"
"815","3886223","biC_Q4 2479574","1","0","0","2","0","1","0","0","0","0","0","0","0","0","0","0","0","0","0","0"
"816","3886224","biC_Q4 2479592","1","0","0","2","0","2","0","0","0","0","0","0","0","0","1","0","0","0","0","0"
"817","3886225","multiciliated (3 cilia) cell Q4 2479607","1","0","2","3","0","0","0","1","1","0","0","0","0","0","0","0","0","0","0","0"
"818","3886226","biC_Q4 2479640","1","0","0","2","0","1","0","0","0","0","0","0","0","0","0","0","0","0","0","0"
"819","3886227","balancer_Q2 2479781","1","0","0","1","0","0","0","0","0","0","0","0","0","0","0","0","0","0","0","0"
"820","3886228","balancer_Q2 2479821","1","0","0","1","0","0","0","0","0","0","0","0","0","0","0","0","0","0","0","0"
"821","3886229","EF_Q1 2479832","1","0","0","0","0","0","0","0","0","0","0","0","0","0","0","0","0","0","0","0"
"822","3886230","EF_Q1Q2 2479838","1","0","0","0","0","0","0","0","0","2","0","0","0","0","0","0","0","0","0","0"
"823","3886231","EF_Q1Q2 2479845","1","0","0","0","0","0","0","0","0","0","0","0","0","0","0","0","0","0","0","0"
"824","3886232","stCG_Q2 2479851","1","0","0","0","0","0","0","0","0","0","0","0","0","0","0","0","0","0","0","0"
"825","3886233","EF_Q1Q2 2479860","1","0","0","0","0","0","0","0","0","1","0","0","0","0","0","0","0","0","0","0"
"826","3886234","stCG_Q1 2479867","1","7","0","0","0","0","0","0","0","0","0","0","0","0","0","0","0","0","0","0"
"827","3886235","EF_Q1Q2 2479874","1","0","0","0","0","0","0","0","0","1","1","0","0","0","1","0","0","0","0","0"
"828","3886236","EF_Q1 2479982","1","0","0","0","0","0","0","0","0","0","0","0","0","0","0","0","0","0","0","0"
"829","3886237","EF_Q1Q2 2479988","1","0","1","0","0","0","0","1","0","0","0","0","0","0","0","0","0","0","0","0"
"830","3886238","stCG_Q2 2479994","1","0","0","0","0","0","1","1","0","1","0","0","0","0","0","0","0","0","0","0"
"831","3886239","stCG_Q1 2480017","1","0","0","0","0","0","0","1","0","0","0","0","0","0","0","0","0","0","0","0"
"832","3886240","EF_Q1Q2 2480024","1","0","0","0","0","0","0","0","0","0","0","0","0","0","0","0","0","0","0","0"
"833","3886241","monoC_middle 2480030","1","0","1","1","0","1","0","0","0","0","0","0","0","0","0","0","0","0","0","0"
"834","3886242","EF_Q1 2480038","1","0","1","0","0","0","0","0","0","0","0","0","0","0","0","0","0","0","0","0"
"835","3886243","EF_Q1Q2 2480045","1","0","0","0","0","0","0","0","0","0","0","0","0","0","0","0","0","0","0","0"
"836","3886244","ssCG_Q1 2480051","1","0","0","0","0","0","0","0","0","0","0","0","0","0","0","0","0","0","0","0"
"837","3886245","EF_Q1Q2 2480057","1","0","1","0","0","0","0","0","0","0","0","0","0","0","0","0","0","0","0","0"
"838","3886246","EF_Q1 2480063","1","0","0","0","0","0","0","0","0","1","0","0","0","0","0","0","0","0","0","0"
"839","3886247","EF_Q1Q2 2480072","1","0","1","0","0","0","0","0","0","0","0","0","0","0","0","0","0","0","0","0"
"840","3886248","EF_Q1Q2 2480078","1","0","0","0","0","0","0","0","0","0","0","0","0","0","0","0","0","0","0","0"
"841","3886249","monoC_middle 2480083","1","0","1","1","0","1","0","0","0","0","0","0","0","0","0","0","0","0","0","0"
"842","3886250","ANN periphery Q1Q2 2480114","1","12","0","0","0","0","0","0","0","0","0","0","0","0","0","1","0","0","0","0"
"843","3886251","EF_Q1 2480126","1","0","0","0","0","0","0","1","0","0","0","0","0","0","0","0","0","0","0","0"
"844","3886252","EF_Q1 2480132","1","0","0","0","0","0","0","0","0","0","0","0","0","0","0","0","0","0","0","0"
"845","3886253","EF_Q1Q2 2480137","1","0","0","0","0","0","0","0","0","0","0","0","0","0","0","0","0","0","0","0"
"846","3886254","lithocyte_Q2 2480143","1","43","0","0","0","0","0","1","0","0","0","0","0","0","0","0","0","0","0","0"
"847","3886255","monoC_middle_Q2_2480150","1","0","0","1","0","1","0","0","0","0","0","0","0","0","0","0","0","0","0","0"
"848","3886256","bridge? cell Q1Q2 2480157","1","0","0","0","0","0","0","1","0","0","1","0","0","0","0","0","0","0","0","0"
"849","3886257","EF_Q1Q2 2480166","1","0","1","0","0","0","0","0","0","0","0","0","0","0","0","0","0","0","0","0"
"850","3886258","EF_Q1Q2 2480172","1","0","0","0","0","0","0","0","0","0","0","0","0","0","0","0","0","0","0","0"
"851","3886259","EF_Q1Q2 2480177","1","0","0","0","0","0","0","0","0","0","0","0","0","0","0","0","0","0","0","0"
"852","3886260","pre-bridge cell Q1Q2 2480182","1","0","2","0","0","0","0","0","0","0","0","0","0","0","0","0","0","0","0","0"
"853","3886261","pre-bridge cell Q1Q2 2480191","1","0","1","0","0","0","0","0","0","0","0","0","0","0","0","0","0","0","0","0"
"854","3886262","EF_Q1Q2 2480198","1","0","0","0","0","0","0","1","0","0","0","0","0","0","0","0","0","0","0","0"
"855","3886263","bridge? cell Q1Q2 2480206","1","8","0","0","0","0","0","0","0","0","1","0","0","0","0","0","0","0","0","0"
"856","3886264","EF_Q1Q2 2480216","1","0","0","0","0","0","0","0","0","0","0","0","0","0","0","0","0","0","0","0"
"857","3886265","bridge? cell Q1Q2 2480222","1","7","0","0","0","0","0","0","0","0","0","0","0","0","0","0","0","0","0","0"
"858","3886266","bridge? cell Q1Q2 2480231","1","0","3","0","0","0","0","0","0","0","0","0","0","0","0","0","0","0","0","0"
"859","3886267","bridge cell Q1Q2 2480240","1","6","1","0","0","0","0","0","0","0","0","0","0","0","0","0","0","0","0","0"
"860","3886268","bridge cell Q1Q2 2480249","1","10","0","0","0","0","0","0","0","0","0","0","0","0","0","0","0","0","0","0"
"861","3886269","bridge cell Q1Q2 2480255","1","4","2","0","0","0","0","0","0","0","0","0","0","0","0","0","0","0","0","0"
"862","3886270","monoC_middle_Q1_2480294","1","0","0","1","0","1","0","0","0","0","0","0","0","0","0","0","0","0","0","0"
"863","3886271","non-C_Q1_2480303","1","5","2","0","0","0","0","0","0","0","0","0","0","0","0","0","0","0","0","0"
"864","3886272","non-C_Q1_2480314","1","4","2","0","0","0","0","0","0","0","0","0","0","0","0","0","0","0","0","0"
"865","3886273","non-C_Q1-2_2480330","1","0","1","0","0","0","0","0","0","0","0","0","0","0","0","0","0","0","0","0"
"866","3886274","non-C_Q1-2_2480355","1","0","0","0","0","0","0","0","0","0","0","0","0","0","0","0","0","0","0","0"
"867","3886275","non-C_vesicle_Q1-2_Q1-4_2480363","1","0","0","0","0","0","0","0","0","0","1","0","0","0","1","0","0","0","0","0"
"868","3886276","non-C_Q4_2480370","1","0","0","0","0","0","0","1","0","0","0","0","0","0","0","0","0","0","0","0"
"869","3886277","non-C_vesicle_Q3-4_Q1-4_2480376","1","0","0","0","0","0","0","0","0","1","0","0","0","0","1","0","0","0","0","0"
"870","3886278","non-C_Q4_2480392","1","0","2","0","0","0","0","0","0","0","0","0","0","0","0","0","0","0","0","0"
"871","3886279","monoC_Q1 2540853","1","0","0","1","0","0","0","0","0","0","0","0","0","0","0","0","0","0","0","0"
"872","3886280","non-C_2480400","1","0","2","0","0","0","0","0","0","0","0","0","0","0","0","0","0","0","0","0"
"873","3886281","pre-bridge cell Q3Q4 2480407","1","0","0","0","0","0","0","0","0","0","0","0","0","0","0","0","0","0","0","0"
"874","3886282","non-C_Q3-4_2480415","1","1","0","0","0","0","0","0","0","0","0","0","0","0","0","0","0","0","0","0"
"875","3886283","IcMC_Q4 2480453","1","0","20","3","0","0","0","0","0","0","1","0","0","0","0","0","0","0","0","1"
"876","3886284","non-C_vesicle_Q4_2480481","1","0","0","0","0","0","0","1","1","0","0","0","0","0","0","0","0","1","0","0"
"877","3886285","monoC_middle_Q3-4_2480492","1","0","0","1","0","1","0","0","0","0","0","0","0","0","0","0","0","0","0","0"
"878","3886286","non-C_vesicle_Q3-4_Q1-4_2480506","1","0","0","0","0","0","0","1","0","0","1","0","0","7","0","0","0","0","0","0"
"879","3886287","non-C_vesicle_Q4_2480527","1","0","0","0","0","0","0","0","0","1","1","0","0","1","0","0","0","0","0","0"
"880","3886288","non-C_vesicle_Q4_2480579","1","0","0","0","0","0","0","0","0","0","0","0","0","0","0","0","0","0","0","0"
"881","3886289","non-C_Q3-4_Q1-4_2480588","1","0","0","0","0","0","0","0","0","0","0","0","0","0","0","0","0","0","0","0"
"882","3886290","biC_middle 2480596","1","0","0","2","1","1","0","0","0","0","1","0","0","0","0","0","0","0","0","0"
"883","3886291","non-C_vesicle_Q3-4_Q1-4_2480606","1","0","0","0","0","0","0","0","0","0","0","0","0","0","0","0","0","0","0","0"
"884","3886292","non-C_vesicle_Q3-4_2480620","1","0","1","0","0","0","0","0","0","0","0","0","0","0","0","0","0","0","0","0"
"885","3886293","non-C_Q3-4_2480628","1","0","0","0","0","0","0","0","0","0","0","0","0","0","0","0","0","0","0","0"
"886","3886294","non-C_vesicle_Q3-4_Q1-4_2480646","1","0","0","0","0","0","0","0","0","0","1","0","0","0","0","0","0","0","0","0"
"887","3886295","monoC_middle 2480668","1","0","0","1","0","1","0","0","0","0","0","0","0","0","0","0","0","0","0","0"
"888","3886296","non-C_2480777","1","0","0","0","0","0","0","0","0","0","0","0","0","0","0","0","0","0","0","0"
"889","3886297","multiciliated (3 cilia) cell Q4 2480783","1","0","4","3","0","0","0","1","0","0","0","0","0","0","0","0","0","1","0","0"
"890","3886298","monoC_middle 2480793","1","0","4","0","0","0","0","0","0","0","0","0","0","0","0","0","0","0","0","0"
"891","3886299","monoC_middle 2480820","1","0","0","1","0","1","0","0","0","0","0","0","0","0","0","0","0","0","0","0"
"892","3886300","monoC_middle 2480829","1","0","5","1","0","1","0","0","0","1","0","0","0","0","0","0","0","0","0","0"
"893","3886301","biC_Q1Q4 2480838","1","0","0","2","0","2","0","0","0","0","0","0","0","0","0","0","0","0","0","0"
"894","3886302","monoC_middle 2480872","1","0","0","1","0","1","0","0","0","0","0","0","0","0","0","0","0","0","0","0"
"895","3886303","biC_Q4 2480901","1","0","0","2","1","1","0","0","0","0","2","0","0","0","0","0","0","0","0","0"
"896","3886304","biC_Q4 2480922","1","0","6","2","1","1","0","0","0","0","1","0","0","0","1","0","0","0","0","1"
"897","3886305","biC_Q4 2480944","1","3","0","2","0","2","0","0","0","0","0","0","0","0","0","0","0","1","0","0"
"898","3886307","non-C_2480962","1","0","0","0","0","0","0","0","0","0","0","0","0","0","0","0","0","0","0","0"
"899","3886308","non-C_2480969","1","0","0","0","0","0","0","1","0","0","0","0","0","0","0","0","0","0","0","0"
"900","3886309","dense? vesicle cell 2480975","1","0","2","0","0","0","0","0","0","0","0","0","0","0","0","0","0","0","0","0"
"901","3886310","stCG_Q4 2481017","1","0","0","0","0","0","0","0","0","0","0","0","0","0","0","0","0","0","0","0"
"902","3886311","stCG_Q4 2481023","1","2","0","18","0","0","0","0","0","0","0","0","0","0","0","0","0","0","0","0"
"903","3886313","dome 2566498","1","0","0","0","0","0","0","0","0","0","0","0","0","0","0","0","0","0","0","0"
"904","3886317","non-C_2483303","1","0","0","0","0","0","0","1","0","1","0","0","0","0","0","0","0","0","0","0"
"905","3886318","non-C_2483310","1","0","0","0","0","0","0","0","0","0","0","0","0","0","0","0","0","0","0","0"
"906","3886319","non-C_2483318","1","0","0","0","0","0","0","0","0","0","0","0","0","0","0","0","0","0","0","0"
"907","3886320","non-C_2483325","1","0","0","0","0","0","0","1","0","0","0","0","0","0","0","0","0","0","0","0"
"908","3886321","non-C_2483333","1","0","1","0","0","0","0","0","0","1","1","0","0","0","0","0","0","0","0","0"
"909","3886322","non-C_2483340","1","0","1","0","0","0","0","0","0","0","0","0","0","0","0","0","0","0","0","0"
"910","3886323","non-C_Q1-4_2483346","1","0","0","0","0","0","0","1","0","0","0","0","0","0","0","0","0","0","0","0"
"911","3886324","non-C_2483352","1","0","0","0","0","0","0","0","0","0","0","0","0","0","0","0","0","0","0","0"
"912","3886325","non-C_2483359","1","0","0","0","0","0","0","0","0","1","0","0","0","0","0","0","0","0","0","0"
"913","3886326","EF_Q3Q4 2484372","1","0","0","0","0","0","0","1","0","0","0","0","0","0","0","0","0","0","0","0"
"914","3886327","non-C_2484675","1","0","0","0","0","0","0","1","0","0","0","0","0","0","0","0","0","0","0","0"
"915","3886329","outside cell 2497203","1","4","0","0","0","0","0","0","0","0","0","1","0","0","0","0","0","0","0","0"
"916","3886332","lithocyte_1","1","0","0","0","0","0","0","0","0","0","0","0","0","0","0","0","0","0","0","0"
"917","3886333","neuron 2566511","1","0","0","0","0","0","1","1","0","0","0","0","0","0","0","0","0","0","0","0"
"918","3886334","ssCG_Q2 2486385","1","0","0","0","0","0","0","0","0","1","0","0","0","0","0","0","0","0","0","0"
"919","3886335","ssCG_Q4 2486484","1","2","0","0","0","0","0","0","2","0","0","0","0","0","0","0","0","0","0","0"
"920","3886336","ANN_Q1-4","5","232","1","0","0","0","0","1","1","1","3","0","0","0","1","10","0","0","0","0"
"921","3886337","dense vesicle cell 2498434","1","7","3","0","0","0","0","0","0","0","0","0","0","0","0","0","0","0","0","0"
"922","3886343","outside 2504906","1","0","0","0","0","0","0","0","0","0","0","0","0","0","0","0","0","0","0","0"
"923","3886345","neuron 2566654","1","0","0","0","0","0","0","0","0","0","0","0","0","0","0","0","0","0","0","0"
"924","3886346","dome 2566243","1","0","0","0","0","0","0","0","0","0","0","0","0","0","0","0","0","0","0","0"
"925","3886347","monoC_ 2510658","1","0","0","1","0","0","0","0","0","0","0","0","0","0","0","0","0","0","0","0"
"926","3886348","outside 2510906","1","0","1","0","0","0","0","1","0","0","0","0","0","0","0","0","0","0","0","0"
"927","3886349","dome 2510920","1","1","0","0","0","0","0","1","1","1","0","1","0","0","0","0","0","0","0","0"
"928","3886350","outside_SER_2510928","1","0","0","0","0","0","0","0","0","0","4","0","0","0","0","0","0","0","0","0"
"929","3886351","outside not ctenophore? 2510937","1","0","3","0","0","0","0","0","0","0","0","0","0","3","0","0","0","0","0","0"
"930","3886352","outside 2510947","1","0","0","1","0","0","0","1","0","0","0","0","0","1","0","0","0","0","0","0"
"931","3886354","neuron 2511559","1","4","0","0","0","0","0","0","1","0","1","0","0","0","0","0","0","0","0","0"
"932","3886355","neuron 2511571","1","0","0","0","0","0","0","0","0","0","0","0","0","0","0","0","0","0","0","0"
"933","3886363","dome 2566526","1","0","0","0","0","0","1","0","0","0","0","0","0","0","0","0","0","0","0","0"
"934","3886365","neuron 2566931","1","0","0","0","0","0","0","0","0","0","0","0","0","0","0","0","0","0","0","0"
"935","3886366","neuron 2567000","1","0","0","0","0","0","0","0","0","0","0","0","0","0","0","0","0","0","0","0"
"936","3886367","outside 2514152","1","0","5","0","0","0","0","0","0","0","0","0","0","0","0","0","0","0","0","0"
"937","3886368","neuron 2566535","1","0","0","0","0","0","1","0","0","0","0","0","0","0","0","0","0","0","0","0"
"938","3886369","neuron 2566661","1","0","0","0","0","0","0","0","0","0","0","0","0","0","0","0","0","0","0","0"
"939","3886370","neuron 2567219","1","0","0","0","0","0","0","0","0","0","0","0","0","0","0","0","0","0","0","0"
"940","3886371","monoC_Q1Q4 2515552","1","0","1","1","0","0","0","0","0","0","0","0","0","0","0","0","0","0","0","0"
"941","3886372","neuron 2566357","1","0","0","0","0","0","0","0","0","0","0","0","0","0","0","0","0","0","0","0"
"942","3886377","outside 2524132","1","0","0","0","0","0","0","0","0","0","0","0","0","0","0","0","0","0","0","0"
"943","3886378","neuron 2566544","1","0","0","0","0","0","1","0","0","0","0","0","0","0","0","0","0","0","0","0"
"944","3886391","outside 2525774","1","0","0","0","0","0","0","0","0","0","0","0","0","0","0","0","0","0","0","0"
"945","3886392","outside 2525779","1","0","0","0","0","0","0","0","0","0","0","0","0","0","0","0","0","0","0","0"
"946","3886395","outside 2525816","1","0","0","0","0","0","0","0","0","0","0","0","0","0","0","0","0","0","0","0"
"947","3886396","outside 2525825","1","0","0","0","0","0","0","0","0","0","1","0","0","0","0","0","0","0","0","0"
"948","3886397","outside 2525831","1","0","0","0","0","0","0","0","0","0","0","0","0","0","0","0","0","0","0","0"
"949","3886398","outside 2525843","2","0","0","0","0","0","0","0","0","0","1","0","0","0","0","0","0","0","0","0"
"950","3886400","neuron 2566668","1","0","0","0","0","0","0","0","0","0","0","0","0","0","0","0","0","0","0","0"
"951","3886401","neuron 2566411","1","0","0","0","0","0","0","0","0","0","0","0","0","0","0","0","0","0","0","0"
"952","3886402","neuron 2566563","1","0","0","0","0","0","0","0","0","0","0","0","0","0","0","0","0","0","0","0"
"953","3886403","neuron 2566675","1","0","0","0","0","0","0","0","0","0","0","0","0","0","0","0","0","0","0","0"
"954","3886404","neuron 2567007","1","0","0","0","0","0","0","0","0","0","0","0","0","0","0","0","0","0","0","0"
"955","3886408","outside 2549376","1","3","0","0","0","0","0","0","0","0","0","0","0","0","0","0","0","0","0","0"
"956","3886414","neuron 2566420","1","0","0","0","0","0","0","0","0","0","0","0","0","0","0","0","0","0","0","0"
"957","3886415","neuron 2566683","1","0","0","0","0","0","0","0","0","0","0","0","0","0","0","0","0","0","0","0"
"958","3886416","neuron 2566872","1","0","0","0","0","0","0","0","0","0","0","0","0","0","0","0","0","0","0","0"
"959","3886417","neuron 2566949","1","0","0","0","0","0","0","0","0","0","0","0","0","0","0","0","0","0","0","0"
"960","3886418","neuron 2567014","1","0","0","0","0","0","0","0","0","0","0","0","0","0","0","0","0","0","0","0"
"961","3886419","neuron 2567228","2","0","0","0","0","0","0","0","0","0","0","0","0","0","0","0","0","0","0","0"
"962","3886422","neuron 2566578","1","0","2","0","0","0","0","0","0","0","0","0","0","0","0","0","0","0","0","0"
"963","3886423","neuron 2566690","1","0","0","0","0","0","0","0","0","0","0","0","0","0","0","0","0","0","0","0"
"964","3886424","neuron 2566878","1","0","0","0","0","0","0","0","0","0","0","0","0","0","0","0","0","0","0","0"
"965","3886426","neuron 2567021","1","0","0","0","0","0","0","0","0","0","0","0","0","0","0","0","0","0","0","0"
"966","3886429","neuron 2567399","1","0","0","0","0","0","0","0","0","0","0","0","0","0","0","0","0","0","0","0"
"967","3886430","dome 2566429","1","0","0","0","0","0","0","0","0","0","0","0","0","0","0","0","0","0","0","0"
"968","3886431","neuron 2566591","1","0","0","0","0","0","1","0","0","0","0","0","0","0","0","0","0","0","0","0"
"969","3886432","neuron 2566697","1","0","0","0","0","0","0","0","0","0","0","0","0","0","0","0","0","0","0","0"
"970","3886433","neuron 2566884","1","0","0","0","0","0","0","0","0","0","0","0","0","0","0","0","0","0","0","0"
"971","3886435","neuron 2567028","1","0","0","0","0","0","0","0","0","0","0","0","0","0","0","0","0","0","0","0"
"972","3886436","neuron 2567247","1","0","0","0","0","0","0","0","0","0","0","0","0","0","0","0","0","0","0","0"
"973","3886437","neuron 2567332","1","0","7","0","0","0","0","0","0","0","0","0","0","0","0","0","0","0","0","0"
"974","3886438","outside 2550710","1","0","0","0","0","0","0","0","0","0","0","0","0","0","0","0","0","0","0","0"
"975","3886439","outside 2550717","1","0","0","0","0","0","0","0","0","0","0","0","0","0","0","0","0","0","0","0"
"976","3886441","neuron 2566600","1","0","0","0","0","0","1","0","0","0","0","0","0","0","0","0","0","0","0","0"
"977","3886442","neuron 2566893","1","0","0","0","0","0","0","0","0","0","0","0","0","0","0","0","0","0","0","0"
"978","3886443","neuron 2566970","1","0","0","0","0","0","0","0","0","0","0","0","0","0","0","0","0","0","0","0"
"979","3886444","neuron 2567287","1","0","10","1","0","0","0","0","0","0","0","0","0","0","0","0","0","0","0","0"
"980","3886445","neuron 2567360","1","0","0","0","0","0","0","0","0","0","0","0","0","0","0","0","0","0","0","0"
"981","3886447","neuron 2566709","1","0","0","0","0","0","0","0","0","0","0","0","0","0","0","0","0","0","0","0"
"982","3886448","neuron 2566900","1","0","0","0","0","0","0","0","0","0","0","0","0","0","0","0","0","0","0","0"
"983","3886449","neuron 2566977","1","0","0","0","0","0","0","0","0","0","0","0","0","0","0","0","0","0","0","0"
"984","3886450","neuron 2567192","1","0","0","0","0","0","0","0","0","0","0","0","0","0","0","0","0","0","0","0"
"985","3886452","neuron 2567411","1","0","0","0","0","0","0","0","0","0","0","0","0","0","0","0","0","0","0","0"
"986","3886453","neuron 2567547","1","0","14","1","0","1","1","0","0","0","0","0","0","0","0","0","0","0","0","0"
"987","3886456","neuron 2566716","1","0","0","0","0","0","0","0","0","0","0","0","0","0","0","0","0","0","0","0"
"988","3886457","neuron 2566910","1","0","0","0","0","0","0","0","0","0","0","0","0","0","0","0","0","0","0","0"
"989","3886458","neuron 2566984","1","0","0","0","0","0","0","0","0","0","0","0","0","0","0","0","0","0","0","0"
"990","3886459","neuron 2567200","1","0","0","0","0","0","0","0","0","0","0","0","0","0","0","0","0","0","0","0"
"991","3886460","neuron 2567375","1","0","0","0","0","0","0","0","0","0","0","0","0","0","0","0","0","0","0","0"
"992","3886461","neuron 2567582","1","0","0","0","0","0","0","0","0","0","0","0","0","0","0","0","0","0","0","0"
"993","3886462","neuron 2568027","1","0","0","0","0","0","0","0","0","0","0","0","0","0","0","0","0","0","0","0"
"994","3886464","neuron 2568123","1","0","0","0","0","0","0","0","0","0","0","0","0","0","0","0","0","0","0","0"
"995","3886465","neuron 2568149","1","0","0","0","0","0","0","0","0","0","0","0","0","0","0","0","0","0","0","0"
"996","3886466","neuron 2568192","1","0","0","0","0","0","0","0","0","0","0","0","0","0","0","0","0","0","0","0"
"997","3886467","neuron 2568242","1","0","0","0","0","0","0","0","0","0","0","0","0","0","0","0","0","0","0","0"
"998","3886468","neuron 2568262","1","0","0","0","0","0","0","0","0","0","0","0","0","0","0","0","0","0","0","0"
"999","3886469","neuron 2568281","1","0","0","0","0","0","0","0","0","0","0","0","0","0","0","0","0","0","0","0"
"1000","3886470","neuron 2568296","1","0","0","0","0","0","0","0","0","0","0","0","0","0","0","0","0","0","0","0"
"1001","3886471","neuron 2568362","1","0","0","0","0","0","0","0","0","0","0","0","0","0","0","0","0","0","0","0"
"1002","3886472","neuron 2568382","1","0","0","0","0","0","0","0","0","0","0","0","0","0","0","0","0","0","0","0"
"1003","3886473","neuron 2568424","1","0","0","0","0","0","0","0","0","0","0","0","0","0","0","0","0","0","0","0"
"1004","3886474","neuron 2568463","1","0","0","0","0","0","0","0","0","0","0","0","0","0","0","0","0","0","0","0"
"1005","3886475","neuron 2568481","1","0","0","0","0","0","0","0","0","0","0","0","0","0","0","0","0","0","0","0"
"1006","3886476","neuron 2568494","1","0","0","7","0","0","0","0","0","0","0","0","0","0","0","0","0","0","0","0"
"1007","3886477","neuron 2568523","1","0","0","0","0","0","0","0","0","0","0","0","0","0","0","0","0","0","0","0"
"1008","3886478","neuron 2568534","1","0","0","0","0","0","0","0","0","0","0","0","0","0","0","0","0","0","0","0"
"1009","3886479","dome 2566464","1","0","0","0","0","0","0","0","0","0","0","0","0","0","0","0","0","0","0","0"
"1010","3886480","neuron 2566612","1","0","0","0","0","0","1","0","0","0","0","0","0","0","0","0","0","0","0","0"
"1011","3886481","neuron 2566723","1","0","0","0","0","0","0","0","0","0","0","0","0","0","0","0","0","0","0","0"
"1012","3886482","neuron 2566917","1","0","0","0","0","0","0","0","0","0","0","0","0","0","0","0","0","0","0","0"
"1013","3886483","neuron 2566991","1","0","0","0","0","0","0","0","0","0","0","0","0","0","0","0","0","0","0","0"
"1014","3886484","neuron 2567205","1","0","10","0","0","0","0","0","0","0","0","0","0","0","0","0","0","0","0","0"
"1015","3886485","neuron 2567385","1","0","3","0","0","0","0","0","0","0","0","0","0","0","0","0","0","0","0","0"
"1016","3886486","neuron 2568035","1","0","7","0","0","0","0","0","0","0","0","0","0","0","0","0","0","0","0","0"
"1017","3886488","neuron 2568112","1","0","0","0","0","0","0","0","0","0","0","0","0","0","0","0","0","0","0","0"
"1018","3886489","neuron 2568132","1","0","0","0","0","0","0","0","0","0","0","0","0","0","0","0","0","0","0","0"
"1019","3886492","neuron 2568219","1","0","0","0","0","0","0","0","0","0","0","0","0","0","0","0","0","0","0","0"
"1020","3886493","neuron 2568231","1","0","0","0","0","0","0","0","0","0","0","0","0","0","0","0","0","0","0","0"
"1021","3886494","neuron 2568252","1","0","0","0","0","0","0","0","0","0","0","0","0","0","0","0","0","0","0","0"
"1022","3886495","neuron 2568271","1","0","0","0","0","0","0","0","0","0","0","0","0","0","0","0","0","0","0","0"
"1023","3886496","neuron 2568288","1","0","0","0","0","0","0","0","0","0","0","0","0","0","0","0","0","0","0","0"
"1024","3886497","neuron 2568353","1","0","0","0","0","0","0","0","0","0","0","0","0","0","0","0","0","0","0","0"
"1025","3886498","neuron 2568373","1","0","0","0","0","0","0","0","0","0","0","0","0","0","0","0","0","0","0","0"
"1026","3886499","neuron 2568392","1","0","0","0","0","0","0","0","0","0","0","0","0","0","0","0","0","0","0","0"
"1027","3886500","neuron 2568405","1","0","0","0","0","0","0","0","0","0","0","0","0","0","0","0","0","0","0","0"
"1028","3886501","neuron 2568415","1","0","0","0","0","0","0","0","0","0","0","0","0","0","0","0","0","0","0","0"
"1029","3886502","neuron 2568434","1","0","0","0","0","0","0","0","0","0","0","0","0","0","0","0","0","0","0","0"
"1030","3886503","neuron 2568472","1","0","0","0","0","0","0","0","0","0","0","0","0","0","0","0","0","0","0","0"
"1031","3886504","neuron 2568543","1","0","0","0","0","0","0","0","0","0","0","0","0","0","0","0","0","0","0","0"
"1032","3886507","neuron 2566621","1","0","0","0","0","0","0","0","0","0","0","0","0","0","0","0","0","0","0","0"
"1033","3886508","neuron 2566731","1","0","0","0","0","0","0","0","0","0","0","0","0","0","0","0","0","0","0","0"
"1034","3886509","neuron 2566924","1","0","0","0","0","0","0","0","0","0","0","0","0","0","0","0","0","0","0","0"
"1035","3886510","neuron 2567212","1","0","0","0","0","0","0","0","0","0","0","0","0","0","0","0","0","0","0","0"
"1036","3886512","neuron 2568141","1","0","0","0","0","0","0","0","0","0","0","0","0","0","0","0","0","0","0","0"
"1037","3886514","neuron 2568183","1","0","0","0","0","0","0","0","0","0","0","0","0","0","0","0","0","0","0","0"
